1,High
2,High
3,High
4,High
5,High
6,High
7,High
8,High
9,High
10,High
11,High
12,High
13,High
14,High
15,High
16,High
17,High
18,High
19,High
20,High
21,High
22,High
23,High
24,High
25,High
26,High
27,High
28,High
29,High
30,High
31,High
32,High
33,High
34,High
35,High
36,High
37,High
38,High
39,High
40,High
41,High
42,High
43,High
44,High
45,High
46,High
47,High
48,High
49,High
50,High
51,High
52,High
53,High
54,High
55,High
56,High
57,High
58,High
59,High
60,High
61,High
62,High
63,High
64,High
65,High
66,High
67,High
68,High
69,High
70,High
71,High
72,High
73,High
74,High
75,High
76,High
77,High
78,High
79,High
80,High
81,High
82,High
83,High
84,High
85,High
86,High
87,High
88,High
89,High
90,High
91,High
92,High
93,High
94,High
95,High
96,High
97,High
98,High
99,High
100,High
101,High
102,High
103,High
104,High
105,High
106,High
107,High
108,High
109,High
110,High
111,High
112,High
113,High
114,High
115,High
116,High
117,High
118,High
119,High
120,High
121,High
122,High
123,High
124,High
125,High
126,High
127,High
128,High
129,High
130,High
131,High
132,High
133,High
134,High
135,High
136,High
137,High
138,High
139,High
140,High
141,High
142,High
143,High
144,High
145,High
146,High
147,High
148,High
149,High
150,High
151,High
152,High
153,High
154,High
155,High
156,High
157,High
158,High
159,High
160,High
161,High
162,High
163,High
164,High
165,High
166,High
167,High
168,High
169,High
170,High
171,High
172,High
173,High
174,High
175,High
176,High
177,High
178,High
179,High
180,High
181,High
182,High
183,High
184,High
185,High
186,High
187,High
188,High
189,High
190,High
191,High
192,High
193,High
194,High
195,High
196,High
197,High
198,High
199,High
200,High
201,High
202,High
203,High
204,High
205,High
206,High
207,High
208,High
209,High
210,High
211,High
212,High
213,High
214,High
215,High
216,High
217,High
218,High
219,High
220,High
221,High
222,High
223,High
224,High
225,High
226,High
227,High
228,High
229,High
230,High
231,High
232,High
233,High
234,High
235,High
236,High
237,High
238,High
239,High
240,High
241,High
242,High
243,High
244,High
245,High
246,High
247,High
248,High
249,High
250,High
251,High
252,High
253,High
254,High
255,High
256,High
257,High
258,High
259,High
260,High
261,High
262,High
263,High
264,High
265,High
266,High
267,High
268,High
269,High
270,High
271,High
272,High
273,High
274,High
275,High
276,High
277,High
278,High
279,High
280,High
281,High
282,High
283,High
284,High
285,High
286,High
287,High
288,High
289,High
290,High
291,High
292,High
293,High
294,High
295,High
296,High
297,High
298,High
299,High
300,High
301,High
302,High
303,High
304,High
305,High
306,High
307,High
308,High
309,High
310,High
311,High
312,High
313,High
314,High
315,High
316,High
317,High
318,High
319,High
320,High
321,High
322,High
323,High
324,High
325,High
326,High
327,High
328,High
329,High
330,High
331,High
332,High
333,High
334,High
335,High
336,High
337,High
338,High
339,High
340,High
341,High
342,High
343,High
344,High
345,High
346,High
347,High
348,High
349,High
350,High
351,High
352,High
353,High
354,High
355,High
356,High
357,High
358,High
359,High
360,High
361,High
362,High
363,High
364,High
365,High
366,High
367,High
368,High
369,High
370,High
371,High
372,High
373,High
374,High
375,High
376,High
377,High
378,High
379,High
380,High
381,High
382,High
383,High
384,High
385,High
386,High
387,High
388,High
389,High
390,High
391,High
392,High
393,High
394,High
395,High
396,High
397,High
398,High
399,High
400,High
401,High
402,High
403,High
404,High
405,High
406,High
407,High
408,High
409,High
410,High
411,High
412,High
413,High
414,High
415,High
416,High
417,High
418,High
419,High
420,High
421,High
422,High
423,High
424,High
425,High
426,High
427,High
428,High
429,High
430,High
431,High
432,High
433,High
434,High
435,High
436,High
437,High
438,High
439,High
440,High
441,High
442,High
443,High
444,High
445,High
446,High
447,High
448,High
449,High
450,High
451,High
452,High
453,High
454,High
455,High
456,High
457,High
458,High
459,High
460,High
461,High
462,High
463,High
464,High
465,High
466,High
467,High
468,High
469,High
470,High
471,High
472,High
473,High
474,High
475,High
476,High
477,High
478,High
479,High
480,High
481,High
482,High
483,High
484,High
485,High
486,High
487,High
488,High
489,High
490,High
491,High
492,High
493,High
494,High
495,High
496,High
497,High
498,High
499,High
500,High
501,High
502,High
503,High
504,High
505,High
506,High
507,High
508,High
509,High
510,High
511,High
512,High
513,High
514,High
515,High
516,High
517,High
518,High
519,High
520,High
521,High
522,High
523,High
524,High
525,High
526,High
527,High
528,High
529,High
530,High
531,High
532,High
533,High
534,High
535,High
536,High
537,High
538,High
539,High
540,High
541,High
542,High
543,High
544,High
545,High
546,High
547,High
548,High
549,High
550,High
551,High
552,High
553,High
554,High
555,High
556,High
557,High
558,High
559,High
560,High
561,High
562,High
563,High
564,High
565,High
566,High
567,High
568,High
569,High
570,High
571,High
572,High
573,High
574,High
575,High
576,High
577,High
578,High
579,High
580,High
581,High
582,High
583,High
584,High
585,High
586,High
587,High
588,High
589,High
590,High
591,High
592,High
593,High
594,High
595,High
596,High
597,High
598,High
599,High
600,High
601,High
602,High
603,High
604,High
605,High
606,High
607,High
608,High
609,High
610,High
611,High
612,High
613,High
614,High
615,High
616,High
617,High
618,High
619,High
620,High
621,High
622,High
623,High
624,High
625,High
626,High
627,High
628,High
629,High
630,High
631,High
632,High
633,High
634,High
635,High
636,High
637,High
638,High
639,High
640,High
641,High
642,High
643,High
644,High
645,High
646,High
647,High
648,High
649,High
650,High
651,High
652,High
653,High
654,High
655,High
656,High
657,High
658,High
659,High
660,High
661,High
662,High
663,High
664,High
665,High
666,High
667,High
668,High
669,High
670,High
671,High
672,High
673,High
674,High
675,High
676,High
677,High
678,High
679,High
680,High
681,High
682,High
683,High
684,High
685,High
686,High
687,High
688,High
689,High
690,High
691,High
692,High
693,High
694,High
695,High
696,High
697,High
698,High
699,High
700,High
701,High
702,High
703,High
704,High
705,High
706,High
707,High
708,High
709,High
710,High
711,High
712,High
713,High
714,High
715,High
716,High
717,High
718,High
719,High
720,High
721,High
722,High
723,High
724,High
725,High
726,High
727,High
728,High
729,High
730,High
731,High
732,High
733,High
734,High
735,High
736,High
737,High
738,High
739,High
740,High
741,High
742,High
743,High
744,High
745,High
746,High
747,High
748,High
749,High
750,High
751,High
752,High
753,High
754,High
755,High
756,High
757,High
758,High
759,High
760,High
761,High
762,High
763,High
764,High
765,High
766,High
767,High
768,High
769,High
770,High
771,High
772,High
773,High
774,High
775,High
776,High
777,High
778,High
779,High
780,High
781,High
782,High
783,High
784,High
785,High
786,High
787,High
788,High
789,High
790,High
791,High
792,High
793,High
794,High
795,High
796,High
797,High
798,High
799,High
800,High
801,High
802,High
803,High
804,High
805,High
806,High
807,High
808,High
809,High
810,High
811,High
812,High
813,High
814,High
815,High
816,High
817,High
818,High
819,High
820,High
821,High
822,High
823,High
824,High
825,High
826,High
827,High
828,High
829,High
830,High
831,High
832,High
833,High
834,High
835,High
836,High
837,High
838,High
839,High
840,High
841,High
842,High
843,High
844,High
845,High
846,High
847,High
848,High
849,High
850,High
851,High
852,High
853,High
854,High
855,High
856,High
857,High
858,High
859,High
860,High
861,High
862,High
863,High
864,High
865,High
866,High
867,High
868,High
869,High
870,High
871,High
872,High
873,High
874,High
875,High
876,High
877,High
878,High
879,High
880,High
881,High
882,High
883,High
884,High
885,High
886,High
887,High
888,High
889,High
890,High
891,High
892,High
893,High
894,High
895,High
896,High
897,High
898,High
899,High
900,High
901,High
902,High
903,High
904,High
905,High
906,High
907,High
908,High
909,High
910,High
911,High
912,High
913,High
914,High
915,High
916,High
917,High
918,High
919,High
920,High
921,High
922,High
923,High
924,High
925,High
926,High
927,High
928,High
929,High
930,High
931,High
932,High
933,High
934,High
935,High
936,High
937,High
938,High
939,High
940,High
941,High
942,High
943,High
944,High
945,High
946,High
947,High
948,High
949,High
950,High
951,High
952,High
953,High
954,High
955,High
956,High
957,High
958,High
959,High
960,High
961,High
962,High
963,High
964,High
965,High
966,High
967,High
968,High
969,High
970,High
971,High
972,High
973,High
974,High
975,High
976,High
977,High
978,High
979,High
980,High
981,High
982,High
983,High
984,High
985,High
986,High
987,High
988,High
989,High
990,High
991,High
992,High
993,High
994,High
995,High
996,High
997,High
998,High
999,High
1000,High
1001,High
1002,High
1003,High
1004,High
1005,High
1006,High
1007,High
1008,High
1009,High
1010,High
1011,High
1012,High
1013,High
1014,High
1015,High
1016,High
1017,High
1018,High
1019,High
1020,High
1021,High
1022,High
1023,High
1024,High
1025,High
1026,High
1027,High
1028,High
1029,High
1030,High
1031,High
1032,High
1033,High
1034,High
1035,High
1036,High
1037,High
1038,High
1039,High
1040,High
1041,High
1042,High
1043,High
1044,High
1045,High
1046,High
1047,High
1048,High
1049,High
1050,High
1051,High
1052,High
1053,High
1054,High
1055,High
1056,High
1057,High
1058,High
1059,High
1060,High
1061,High
1062,High
1063,High
1064,High
1065,High
1066,High
1067,High
1068,High
1069,High
1070,High
1071,High
1072,High
1073,High
1074,High
1075,High
1076,High
1077,High
1078,High
1079,High
1080,High
1081,High
1082,High
1083,High
1084,High
1085,High
1086,High
1087,High
1088,High
1089,High
1090,High
1091,High
1092,High
1093,High
1094,High
1095,High
1096,High
1097,High
1098,High
1099,High
1100,High
1101,High
1102,High
1103,High
1104,High
1105,High
1106,High
1107,High
1108,High
1109,High
1110,High
1111,High
1112,High
1113,High
1114,High
1115,High
1116,High
1117,High
1118,High
1119,High
1120,High
1121,High
1122,High
1123,High
1124,High
1125,High
1126,High
1127,High
1128,High
1129,High
1130,High
1131,High
1132,High
1133,High
1134,High
1135,High
1136,High
1137,High
1138,High
1139,High
1140,High
1141,High
1142,High
1143,High
1144,High
1145,High
1146,High
1147,High
1148,High
1149,High
1150,High
1151,High
1152,High
1153,High
1154,High
1155,High
1156,High
1157,High
1158,High
1159,High
1160,High
1161,High
1162,High
1163,High
1164,High
1165,High
1166,High
1167,High
1168,High
1169,High
1170,High
1171,High
1172,High
1173,High
1174,High
1175,High
1176,High
1177,High
1178,High
1179,High
1180,High
1181,High
1182,High
1183,High
1184,High
1185,High
1186,High
1187,High
1188,High
1189,High
1190,High
1191,High
1192,High
1193,High
1194,High
1195,High
1196,High
1197,High
1198,High
1199,High
1200,High
1201,High
1202,High
1203,High
1204,High
1205,High
1206,High
1207,High
1208,High
1209,High
1210,High
1211,High
1212,High
1213,High
1214,High
1215,High
1216,High
1217,High
1218,High
1219,High
1220,High
1221,High
1222,High
1223,High
1224,High
1225,High
1226,High
1227,High
1228,High
1229,High
1230,High
1231,High
1232,High
1233,High
1234,High
1235,High
1236,High
1237,High
1238,High
1239,High
1240,High
1241,High
1242,High
1243,High
1244,High
1245,High
1246,High
1247,High
1248,High
1249,High
1250,High
1251,High
1252,High
1253,High
1254,High
1255,High
1256,High
1257,High
1258,High
1259,High
1260,High
1261,High
1262,High
1263,High
1264,High
1265,High
1266,High
1267,High
1268,High
1269,High
1270,High
1271,High
1272,High
1273,High
1274,High
1275,High
1276,High
1277,High
1278,High
1279,High
1280,High
1281,High
1282,High
1283,High
1284,High
1285,High
1286,High
1287,High
1288,High
1289,High
1290,High
1291,High
1292,High
1293,High
1294,High
1295,High
1296,High
1297,High
1298,High
1299,High
1300,High
1301,High
1302,High
1303,High
1304,High
1305,High
1306,High
1307,High
1308,High
1309,High
1310,High
1311,High
1312,High
1313,High
1314,High
1315,High
1316,High
1317,High
1318,High
1319,High
1320,High
1321,High
1322,High
1323,High
1324,High
1325,High
1326,High
1327,High
1328,High
1329,High
1330,High
1331,High
1332,High
1333,High
1334,High
1335,High
1336,High
1337,High
1338,High
1339,High
1340,High
1341,High
1342,High
1343,High
1344,High
1345,High
1346,High
1347,High
1348,High
1349,High
1350,High
1351,High
1352,High
1353,High
1354,High
1355,High
1356,High
1357,High
1358,High
1359,High
1360,High
1361,High
1362,High
1363,High
1364,High
1365,High
1366,High
1367,High
1368,High
1369,High
1370,High
1371,High
1372,High
1373,High
1374,High
1375,High
1376,High
1377,High
1378,High
1379,High
1380,High
1381,High
1382,High
1383,High
1384,High
1385,High
1386,High
1387,High
1388,High
1389,High
1390,High
1391,High
1392,High
1393,High
1394,High
1395,High
1396,High
1397,High
1398,High
1399,High
1400,High
1401,High
1402,High
1403,High
1404,High
1405,High
1406,High
1407,High
1408,High
1409,High
1410,High
1411,High
1412,High
1413,High
1414,High
1415,High
1416,High
1417,High
1418,High
1419,High
1420,High
1421,High
1422,High
1423,High
1424,High
1425,High
1426,High
1427,High
1428,High
1429,High
1430,High
1431,High
1432,High
1433,High
1434,High
1435,High
1436,High
1437,High
1438,High
1439,High
1440,High
1441,High
1442,High
1443,High
1444,High
1445,High
1446,High
1447,High
1448,High
1449,High
1450,High
1451,High
1452,High
1453,High
1454,High
1455,High
1456,High
1457,High
1458,High
1459,High
1460,High
1461,High
1462,High
1463,High
1464,High
1465,High
1466,High
1467,High
1468,High
1469,High
1470,High
1471,High
1472,High
1473,High
1474,High
1475,High
1476,High
1477,High
1478,High
1479,High
1480,High
1481,High
1482,High
1483,High
1484,High
1485,High
1486,High
1487,High
1488,High
1489,High
1490,High
1491,High
1492,High
1493,High
1494,High
1495,High
1496,High
1497,High
1498,High
1499,High
1500,High
1501,High
1502,High
1503,High
1504,High
1505,High
1506,High
1507,High
1508,High
1509,High
1510,High
1511,High
1512,High
1513,High
1514,High
1515,High
1516,High
1517,High
1518,High
1519,High
1520,High
1521,High
1522,High
1523,High
1524,High
1525,High
1526,High
1527,High
1528,High
1529,High
1530,High
1531,High
1532,High
1533,High
1534,High
1535,High
1536,High
1537,High
1538,High
1539,High
1540,High
1541,High
1542,High
1543,High
1544,High
1545,High
1546,High
1547,High
1548,High
1549,High
1550,High
1551,High
1552,High
1553,High
1554,High
1555,High
1556,High
1557,High
1558,High
1559,High
1560,High
1561,High
1562,High
1563,High
1564,High
1565,High
1566,High
1567,High
1568,High
1569,High
1570,High
1571,High
1572,High
1573,High
1574,High
1575,High
1576,High
1577,High
1578,High
1579,High
1580,High
1581,High
1582,High
1583,High
1584,High
1585,High
1586,High
1587,High
1588,High
1589,High
1590,High
1591,High
1592,High
1593,High
1594,High
1595,High
1596,High
1597,High
1598,High
1599,High
1600,High
1601,High
1602,High
1603,High
1604,High
1605,High
1606,High
1607,High
1608,High
1609,High
1610,High
1611,High
1612,High
1613,High
1614,High
1615,High
1616,High
1617,High
1618,High
1619,High
1620,High
1621,High
1622,High
1623,High
1624,High
1625,High
1626,High
1627,High
1628,High
1629,High
1630,High
1631,High
1632,High
1633,High
1634,High
1635,High
1636,High
1637,High
1638,High
1639,High
1640,High
1641,High
1642,High
1643,High
1644,High
1645,High
1646,High
1647,High
1648,High
1649,High
1650,High
1651,High
1652,High
1653,High
1654,High
1655,High
1656,High
1657,High
1658,High
1659,High
1660,High
1661,High
1662,High
1663,High
1664,High
1665,High
1666,High
1667,High
1668,High
1669,High
1670,High
1671,High
1672,High
1673,High
1674,High
1675,High
1676,High
1677,High
1678,High
1679,High
1680,High
1681,High
1682,High
1683,High
1684,High
1685,High
1686,High
1687,High
1688,High
1689,High
1690,High
1691,High
1692,High
1693,High
1694,High
1695,High
1696,High
1697,High
1698,High
1699,High
1700,High
1701,High
1702,High
1703,High
1704,High
1705,High
1706,High
1707,High
1708,High
1709,High
1710,High
1711,High
1712,High
1713,High
1714,High
1715,High
1716,High
1717,High
1718,High
1719,High
1720,High
1721,High
1722,High
1723,High
1724,High
1725,High
1726,High
1727,High
1728,High
1729,High
1730,High
1731,High
1732,High
1733,High
1734,High
1735,High
1736,High
1737,High
1738,High
1739,High
1740,High
1741,High
1742,High
1743,High
1744,High
1745,High
1746,High
1747,High
1748,High
1749,High
1750,High
1751,High
1752,High
1753,High
1754,High
1755,High
1756,High
1757,High
1758,High
1759,High
1760,High
1761,High
1762,High
1763,High
1764,High
1765,High
1766,High
1767,High
1768,High
1769,High
1770,High
1771,High
1772,High
1773,High
1774,High
1775,High
1776,High
1777,High
1778,High
1779,High
1780,High
1781,High
1782,High
1783,High
1784,High
1785,High
1786,High
1787,High
1788,High
1789,High
1790,High
1791,High
1792,High
1793,High
1794,High
1795,High
1796,High
1797,High
1798,High
1799,High
1800,High
1801,High
1802,High
1803,High
1804,High
1805,High
1806,High
1807,High
1808,High
1809,High
1810,High
1811,High
1812,High
1813,High
1814,High
1815,High
1816,High
1817,High
1818,High
1819,High
1820,High
1821,High
1822,High
1823,High
1824,High
1825,High
1826,High
1827,High
1828,High
1829,High
1830,High
1831,High
1832,High
1833,High
1834,High
1835,High
1836,High
1837,High
1838,High
1839,High
1840,High
1841,High
1842,High
1843,High
1844,High
1845,High
1846,High
1847,High
1848,High
1849,High
1850,High
1851,High
1852,High
1853,High
1854,High
1855,High
1856,High
1857,High
1858,High
1859,High
1860,High
1861,High
1862,High
1863,High
1864,High
1865,High
1866,High
1867,High
1868,High
1869,High
1870,High
1871,High
1872,High
1873,High
1874,High
1875,High
1876,High
1877,High
1878,High
1879,High
1880,High
1881,High
1882,High
1883,High
1884,High
1885,High
1886,High
1887,High
1888,High
1889,High
1890,High
1891,High
1892,High
1893,High
1894,High
1895,High
1896,High
1897,High
1898,High
1899,High
1900,High
1901,High
1902,High
1903,High
1904,High
1905,High
1906,High
1907,High
1908,High
1909,High
1910,High
1911,High
1912,High
1913,High
1914,High
1915,High
1916,High
1917,High
1918,High
1919,High
1920,High
1921,High
1922,High
1923,High
1924,High
1925,High
1926,High
1927,High
1928,High
1929,High
1930,High
1931,High
1932,High
1933,High
1934,High
1935,High
1936,High
1937,High
1938,High
1939,High
1940,High
1941,High
1942,High
1943,High
1944,High
1945,High
1946,High
1947,High
1948,High
1949,High
1950,High
1951,High
1952,High
1953,High
1954,High
1955,High
1956,High
1957,High
1958,High
1959,High
1960,High
1961,High
1962,High
1963,High
1964,High
1965,High
1966,High
1967,High
1968,High
1969,High
1970,High
1971,High
1972,High
1973,High
1974,High
1975,High
1976,High
1977,High
1978,High
1979,High
1980,High
1981,High
1982,High
1983,High
1984,High
1985,High
1986,High
1987,High
1988,High
1989,High
1990,High
1991,High
1992,High
1993,High
1994,High
1995,High
1996,High
1997,High
1998,High
1999,High
2000,High
2001,High
2002,High
2003,High
2004,High
2005,High
2006,High
2007,High
2008,High
2009,High
2010,High
2011,High
2012,High
2013,High
2014,High
2015,High
2016,High
2017,High
2018,High
2019,High
2020,High
2021,High
2022,High
2023,High
2024,High
2025,High
2026,High
2027,High
2028,High
2029,High
2030,High
2031,High
2032,High
2033,High
2034,High
2035,High
2036,High
2037,High
2038,High
2039,High
2040,High
2041,High
2042,High
2043,High
2044,High
2045,High
2046,High
2047,High
2048,High
2049,High
2050,High
2051,High
2052,High
2053,High
2054,High
2055,High
2056,High
2057,High
2058,High
2059,High
2060,High
2061,High
2062,High
2063,High
2064,High
2065,High
2066,High
2067,High
2068,High
2069,High
2070,High
2071,High
2072,High
2073,High
2074,High
2075,High
2076,High
2077,High
2078,High
2079,High
2080,High
2081,High
2082,High
2083,High
2084,High
2085,High
2086,High
2087,High
2088,High
2089,High
2090,High
2091,High
2092,High
2093,High
2094,High
2095,High
2096,High
2097,High
2098,High
2099,High
2100,High
2101,High
2102,High
2103,High
2104,High
2105,High
2106,High
2107,High
2108,High
2109,High
2110,High
2111,High
2112,High
2113,High
2114,High
2115,High
2116,High
2117,High
2118,High
2119,High
2120,High
2121,High
2122,High
2123,High
2124,High
2125,High
2126,High
2127,High
2128,High
2129,High
2130,High
2131,High
2132,High
2133,High
2134,High
2135,High
2136,High
2137,High
2138,High
2139,High
2140,High
2141,High
2142,High
2143,High
2144,High
2145,High
2146,High
2147,High
2148,High
2149,High
2150,High
2151,High
2152,High
2153,High
2154,High
2155,High
2156,High
2157,High
2158,High
2159,High
2160,High
2161,High
2162,High
2163,High
2164,High
2165,High
2166,High
2167,High
2168,High
2169,High
2170,High
2171,High
2172,High
2173,High
2174,High
2175,High
2176,High
2177,High
2178,High
2179,High
2180,High
2181,High
2182,High
2183,High
2184,High
2185,High
2186,High
2187,High
2188,High
2189,High
2190,High
2191,High
2192,High
2193,High
2194,High
2195,High
2196,High
2197,High
2198,High
2199,High
2200,High
2201,High
2202,High
2203,High
2204,High
2205,High
2206,High
2207,High
2208,High
2209,High
2210,High
2211,High
2212,High
2213,High
2214,High
2215,High
2216,High
2217,High
2218,High
2219,High
2220,High
2221,High
2222,High
2223,High
2224,High
2225,High
2226,High
2227,High
2228,High
2229,High
2230,High
2231,High
2232,High
2233,High
2234,High
2235,High
2236,High
2237,High
2238,High
2239,High
2240,High
2241,High
2242,High
2243,High
2244,High
2245,High
2246,High
2247,High
2248,High
2249,High
2250,High
2251,High
2252,High
2253,High
2254,High
2255,High
2256,High
2257,High
2258,High
2259,High
2260,High
2261,High
2262,High
2263,High
2264,High
2265,High
2266,High
2267,High
2268,High
2269,High
2270,High
2271,High
2272,High
2273,High
2274,High
2275,High
2276,High
2277,High
2278,High
2279,High
2280,High
2281,High
2282,High
2283,High
2284,High
2285,High
2286,High
2287,High
2288,High
2289,High
2290,High
2291,High
2292,High
2293,High
2294,High
2295,High
2296,High
2297,High
2298,High
2299,High
2300,High
2301,High
2302,High
2303,High
2304,High
2305,High
2306,High
2307,High
2308,High
2309,High
2310,High
2311,High
2312,High
2313,High
2314,High
2315,High
2316,High
2317,High
2318,High
2319,High
2320,High
2321,High
2322,High
2323,High
2324,High
2325,High
2326,High
2327,High
2328,High
2329,High
2330,High
2331,High
2332,High
2333,High
2334,High
2335,High
2336,High
2337,High
2338,High
2339,High
2340,High
2341,High
2342,High
2343,High
2344,High
2345,High
2346,High
2347,High
2348,High
2349,High
2350,High
2351,High
2352,High
2353,High
2354,High
2355,High
2356,High
2357,High
2358,High
2359,High
2360,High
2361,High
2362,High
2363,High
2364,High
2365,High
2366,High
2367,High
2368,High
2369,High
2370,High
2371,High
2372,High
2373,High
2374,High
2375,High
2376,High
2377,High
2378,High
2379,High
2380,High
2381,High
2382,High
2383,High
2384,High
2385,High
2386,High
2387,High
2388,High
2389,High
2390,High
2391,High
2392,High
2393,High
2394,High
2395,High
2396,High
2397,High
2398,High
2399,High
2400,High
2401,High
2402,High
2403,High
2404,High
2405,High
2406,High
2407,High
2408,High
2409,High
2410,High
2411,High
2412,High
2413,High
2414,High
2415,High
2416,High
2417,High
2418,High
2419,High
2420,High
2421,High
2422,High
2423,High
2424,High
2425,High
2426,High
2427,High
2428,High
2429,High
2430,High
2431,High
2432,High
2433,High
2434,High
2435,High
2436,High
2437,High
2438,High
2439,High
2440,High
2441,High
2442,High
2443,High
2444,High
2445,High
2446,High
2447,High
2448,High
2449,High
2450,High
2451,High
2452,High
2453,High
2454,High
2455,High
2456,High
2457,High
2458,High
2459,High
2460,High
2461,High
2462,High
2463,High
2464,High
2465,High
2466,High
2467,High
2468,High
2469,High
2470,High
2471,High
2472,High
2473,High
2474,High
2475,High
2476,High
2477,High
2478,High
2479,High
2480,High
2481,High
2482,High
2483,High
2484,High
2485,High
2486,High
2487,High
2488,High
2489,High
2490,High
2491,High
2492,High
2493,High
2494,High
2495,High
2496,High
2497,High
2498,High
2499,High
2500,High
2501,High
2502,High
2503,High
2504,High
2505,High
2506,High
2507,High
2508,High
2509,High
2510,High
2511,High
2512,High
2513,High
2514,High
2515,High
2516,High
2517,High
2518,High
2519,High
2520,High
2521,High
2522,High
2523,High
2524,High
2525,High
2526,High
2527,High
2528,High
2529,High
2530,High
2531,High
2532,High
2533,High
2534,High
2535,High
2536,High
2537,High
2538,High
2539,High
2540,High
2541,High
2542,High
2543,High
2544,High
2545,High
2546,High
2547,High
2548,High
2549,High
2550,High
2551,High
2552,High
2553,High
2554,High
2555,High
2556,High
2557,High
2558,High
2559,High
2560,High
2561,High
2562,High
2563,High
2564,High
2565,High
2566,High
2567,High
2568,High
2569,High
2570,High
2571,High
2572,High
2573,High
2574,High
2575,High
2576,High
2577,High
2578,High
2579,High
2580,High
2581,High
2582,High
2583,High
2584,High
2585,High
2586,High
2587,High
2588,High
2589,High
2590,High
2591,High
2592,High
2593,High
2594,High
2595,High
2596,High
2597,High
2598,High
2599,High
2600,High
2601,High
2602,High
2603,High
2604,High
2605,High
2606,High
2607,High
2608,High
2609,High
2610,High
2611,High
2612,High
2613,High
2614,High
2615,High
2616,High
2617,High
2618,High
2619,High
2620,High
2621,High
2622,High
2623,High
2624,High
2625,High
2626,High
2627,High
2628,High
2629,High
2630,High
2631,High
2632,High
2633,High
2634,High
2635,High
2636,High
2637,High
2638,High
2639,High
2640,High
2641,High
2642,High
2643,High
2644,High
2645,High
2646,High
2647,High
2648,High
2649,High
2650,High
2651,High
2652,High
2653,High
2654,High
2655,High
2656,High
2657,High
2658,High
2659,High
2660,High
2661,High
2662,High
2663,High
2664,High
2665,High
2666,High
2667,High
2668,High
2669,High
2670,High
2671,High
2672,High
2673,High
2674,High
2675,High
2676,High
2677,High
2678,High
2679,High
2680,High
2681,High
2682,High
2683,High
2684,High
2685,High
2686,High
2687,High
2688,High
2689,High
2690,High
2691,High
2692,High
2693,High
2694,High
2695,High
2696,High
2697,High
2698,High
2699,High
2700,High
2701,High
2702,High
2703,High
2704,High
2705,High
2706,High
2707,High
2708,High
2709,High
2710,High
2711,High
2712,High
2713,High
2714,High
2715,High
2716,High
2717,High
2718,High
2719,High
2720,High
2721,High
2722,High
2723,High
2724,High
2725,High
2726,High
2727,High
2728,High
2729,High
2730,High
2731,High
2732,High
2733,High
2734,High
2735,High
2736,High
2737,High
2738,High
2739,High
2740,High
2741,High
2742,High
2743,High
2744,High
2745,High
2746,High
2747,High
2748,High
2749,High
2750,High
2751,High
2752,High
2753,High
2754,High
2755,High
2756,High
2757,High
2758,High
2759,High
2760,High
2761,High
2762,High
2763,High
2764,High
2765,High
2766,High
2767,High
2768,High
2769,High
2770,High
2771,High
2772,High
2773,High
2774,High
2775,High
2776,High
2777,High
2778,High
2779,High
2780,High
2781,High
2782,High
2783,High
2784,High
2785,High
2786,High
2787,High
2788,High
2789,High
2790,High
2791,High
2792,High
2793,High
2794,High
2795,High
2796,High
2797,High
2798,High
2799,High
2800,High
2801,High
2802,High
2803,High
2804,High
2805,High
2806,High
2807,High
2808,High
2809,High
2810,High
2811,High
2812,High
2813,High
2814,High
2815,High
2816,High
2817,High
2818,High
2819,High
2820,High
2821,High
2822,High
2823,High
2824,High
2825,High
2826,High
2827,High
2828,High
2829,High
2830,High
2831,High
2832,High
2833,High
2834,High
2835,High
2836,High
2837,High
2838,High
2839,High
2840,High
2841,High
2842,High
2843,High
2844,High
2845,High
2846,High
2847,High
2848,High
2849,High
2850,High
2851,High
2852,High
2853,High
2854,High
2855,High
2856,High
2857,High
2858,High
2859,High
2860,High
2861,High
2862,High
2863,High
2864,High
2865,High
2866,High
2867,High
2868,High
2869,High
2870,High
2871,High
2872,High
2873,High
2874,High
2875,High
2876,High
2877,High
2878,High
2879,High
2880,High
2881,High
2882,High
2883,High
2884,High
2885,High
2886,High
2887,High
2888,High
2889,High
2890,High
2891,High
2892,High
2893,High
2894,High
2895,High
2896,High
2897,High
2898,High
2899,High
2900,High
2901,High
2902,High
2903,High
2904,High
2905,High
2906,High
2907,High
2908,High
2909,High
2910,High
2911,High
2912,High
2913,High
2914,High
2915,High
2916,High
2917,High
2918,High
2919,High
2920,High
2921,High
2922,High
2923,High
2924,High
2925,High
2926,High
2927,High
2928,High
2929,High
2930,High
2931,High
2932,High
2933,High
2934,High
2935,High
2936,High
2937,High
2938,High
2939,High
2940,High
2941,High
2942,High
2943,High
2944,High
2945,High
2946,High
2947,High
2948,High
2949,High
2950,High
2951,High
2952,High
2953,High
2954,High
2955,High
2956,High
2957,High
2958,High
2959,High
2960,High
2961,High
2962,High
2963,High
2964,High
2965,High
2966,High
2967,High
2968,High
2969,High
2970,High
2971,High
2972,High
2973,High
2974,High
2975,High
2976,High
2977,High
2978,High
2979,High
2980,High
2981,High
2982,High
2983,High
2984,High
2985,High
2986,High
2987,High
2988,High
2989,High
2990,High
2991,High
2992,High
2993,High
2994,High
2995,High
2996,High
2997,High
2998,High
2999,High
3000,High
3001,High
3002,High
3003,High
3004,High
3005,High
3006,High
3007,High
3008,High
3009,High
3010,High
3011,High
3012,High
3013,High
3014,High
3015,High
3016,High
3017,High
3018,High
3019,High
3020,High
3021,High
3022,High
3023,High
3024,High
3025,High
3026,High
3027,High
3028,High
3029,High
3030,High
3031,High
3032,High
3033,High
3034,High
3035,High
3036,High
3037,High
3038,High
3039,High
3040,High
3041,High
3042,High
3043,High
3044,High
3045,High
3046,High
3047,High
3048,High
3049,High
3050,High
3051,High
3052,High
3053,High
3054,High
3055,High
3056,High
3057,High
3058,High
3059,High
3060,High
3061,High
3062,High
3063,High
3064,High
3065,High
3066,High
3067,High
3068,High
3069,High
3070,High
3071,High
3072,High
3073,High
3074,High
3075,High
3076,High
3077,High
3078,High
3079,High
3080,High
3081,High
3082,High
3083,High
3084,High
3085,High
3086,High
3087,High
3088,High
3089,High
3090,High
3091,High
3092,High
3093,High
3094,High
3095,High
3096,High
3097,High
3098,High
3099,High
3100,High
3101,High
3102,High
3103,High
3104,High
3105,High
3106,High
3107,High
3108,High
3109,High
3110,High
3111,High
3112,High
3113,High
3114,High
3115,High
3116,High
3117,High
3118,High
3119,High
3120,High
3121,High
3122,High
3123,High
3124,High
3125,High
3126,High
3127,High
3128,High
3129,High
3130,High
3131,High
3132,High
3133,High
3134,High
3135,High
3136,High
3137,High
3138,High
3139,High
3140,High
3141,High
3142,High
3143,High
3144,High
3145,High
3146,High
3147,High
3148,High
3149,High
3150,High
3151,High
3152,High
3153,High
3154,High
3155,High
3156,High
3157,High
3158,High
3159,High
3160,High
3161,High
3162,High
3163,High
3164,High
3165,High
3166,High
3167,High
3168,High
3169,High
3170,High
3171,High
3172,High
3173,High
3174,High
3175,High
3176,High
3177,High
3178,High
3179,High
3180,High
3181,High
3182,High
3183,High
3184,High
3185,High
3186,High
3187,High
3188,High
3189,High
3190,High
3191,High
3192,High
3193,High
3194,High
3195,High
3196,High
3197,High
3198,High
3199,High
3200,High
3201,High
3202,High
3203,High
3204,High
3205,High
3206,High
3207,High
3208,High
3209,High
3210,High
3211,High
3212,High
3213,High
3214,High
3215,High
3216,High
3217,High
3218,High
3219,High
3220,High
3221,High
3222,High
3223,High
3224,High
3225,High
3226,High
3227,High
3228,High
3229,High
3230,High
3231,High
3232,High
3233,High
3234,High
3235,High
3236,High
3237,High
3238,High
3239,High
3240,High
3241,High
3242,High
3243,High
3244,High
3245,High
3246,High
3247,High
3248,High
3249,High
3250,High
3251,High
3252,High
3253,High
3254,High
3255,High
3256,High
3257,High
3258,High
3259,High
3260,High
3261,High
3262,High
3263,High
3264,High
3265,High
3266,High
3267,High
3268,High
3269,High
3270,High
3271,High
3272,High
3273,High
3274,High
3275,High
3276,High
3277,High
3278,High
3279,High
3280,High
3281,High
3282,High
3283,High
3284,High
3285,High
3286,High
3287,High
3288,High
3289,High
3290,High
3291,High
3292,High
3293,High
3294,High
3295,High
3296,High
3297,High
3298,High
3299,High
3300,High
3301,High
3302,High
3303,High
3304,High
3305,High
3306,High
3307,High
3308,High
3309,High
3310,High
3311,High
3312,High
3313,High
3314,High
3315,High
3316,High
3317,High
3318,High
3319,High
3320,High
3321,High
3322,High
3323,High
3324,High
3325,High
3326,High
3327,High
3328,High
3329,High
3330,High
3331,High
3332,High
3333,High
3334,High
3335,High
3336,High
3337,High
3338,High
3339,High
3340,High
3341,High
3342,High
3343,High
3344,High
3345,High
3346,High
3347,High
3348,High
3349,High
3350,High
3351,High
3352,High
3353,High
3354,High
3355,High
3356,High
3357,High
3358,High
3359,High
3360,High
3361,High
3362,High
3363,High
3364,High
3365,High
3366,High
3367,High
3368,High
3369,High
3370,High
3371,High
3372,High
3373,High
3374,High
3375,High
3376,High
3377,High
3378,High
3379,High
3380,High
3381,High
3382,High
3383,High
3384,High
3385,High
3386,High
3387,High
3388,High
3389,High
3390,High
3391,High
3392,High
3393,High
3394,High
3395,High
3396,High
3397,High
3398,High
3399,High
3400,High
3401,High
3402,High
3403,High
3404,High
3405,High
3406,High
3407,High
3408,High
3409,High
3410,High
3411,High
3412,High
3413,High
3414,High
3415,High
3416,High
3417,High
3418,High
3419,High
3420,High
3421,High
3422,High
3423,High
3424,High
3425,High
3426,High
3427,High
3428,High
3429,High
3430,High
3431,High
3432,High
3433,High
3434,High
3435,High
3436,High
3437,High
3438,High
3439,High
3440,High
3441,High
3442,High
3443,High
3444,High
3445,High
3446,High
3447,High
3448,High
3449,High
3450,High
3451,High
3452,High
3453,High
3454,High
3455,High
3456,High
3457,High
3458,High
3459,High
3460,High
3461,High
3462,High
3463,High
3464,High
3465,High
3466,High
3467,High
3468,High
3469,High
3470,High
3471,High
3472,High
3473,High
3474,High
3475,High
3476,High
3477,High
3478,High
3479,High
3480,High
3481,High
3482,High
3483,High
3484,High
3485,High
3486,High
3487,High
3488,High
3489,High
3490,High
3491,High
3492,High
3493,High
3494,High
3495,High
3496,High
3497,High
3498,High
3499,High
3500,High
3501,High
3502,High
3503,High
3504,High
3505,High
3506,High
3507,High
3508,High
3509,High
3510,High
3511,High
3512,High
3513,High
3514,High
3515,High
3516,High
3517,High
3518,High
3519,High
3520,High
3521,High
3522,High
3523,High
3524,High
3525,High
3526,High
3527,High
3528,High
3529,High
3530,High
3531,High
3532,High
3533,High
3534,High
3535,High
3536,High
3537,High
3538,High
3539,High
3540,High
3541,High
3542,High
3543,High
3544,High
3545,High
3546,High
3547,High
3548,High
3549,High
3550,High
3551,High
3552,High
3553,High
3554,High
3555,High
3556,High
3557,High
3558,High
3559,High
3560,High
3561,High
3562,High
3563,High
3564,High
3565,High
3566,High
3567,High
3568,High
3569,High
3570,High
3571,High
3572,High
3573,High
3574,High
3575,High
3576,High
3577,High
3578,High
3579,High
3580,High
3581,High
3582,High
3583,High
3584,High
3585,High
3586,High
3587,High
3588,High
3589,High
3590,High
3591,High
3592,High
3593,High
3594,High
3595,High
3596,High
3597,High
3598,High
3599,High
3600,High
3601,High
3602,High
3603,High
3604,High
3605,High
3606,High
3607,High
3608,High
3609,High
3610,High
3611,High
3612,High
3613,High
3614,High
3615,High
3616,High
3617,High
3618,High
3619,High
3620,High
3621,High
3622,High
3623,High
3624,High
3625,High
3626,High
3627,High
3628,High
3629,High
3630,High
3631,High
3632,High
3633,High
3634,High
3635,High
3636,High
3637,High
3638,High
3639,High
3640,High
3641,High
3642,High
3643,High
3644,High
3645,High
3646,High
3647,High
3648,High
3649,High
3650,High
3651,High
3652,High
3653,High
3654,High
3655,High
3656,High
3657,High
3658,High
3659,High
3660,High
3661,High
3662,High
3663,High
3664,High
3665,High
3666,High
3667,High
3668,High
3669,High
3670,High
3671,High
3672,High
3673,High
3674,High
3675,High
3676,High
3677,High
3678,High
3679,High
3680,High
3681,High
3682,High
3683,High
3684,High
3685,High
3686,High
3687,High
3688,High
3689,High
3690,High
3691,High
3692,High
3693,High
3694,High
3695,High
3696,High
3697,High
3698,High
3699,High
3700,High
3701,High
3702,High
3703,High
3704,High
3705,High
3706,High
3707,High
3708,High
3709,High
3710,High
3711,High
3712,High
3713,High
3714,High
3715,High
3716,High
3717,High
3718,High
3719,High
3720,High
3721,High
3722,High
3723,High
3724,High
3725,High
3726,High
3727,High
3728,High
3729,High
3730,High
3731,High
3732,High
3733,High
3734,High
3735,High
3736,High
3737,High
3738,High
3739,High
3740,High
3741,High
3742,High
3743,High
3744,High
3745,High
3746,High
3747,High
3748,High
3749,High
3750,High
3751,High
3752,High
3753,High
3754,High
3755,High
3756,High
3757,High
3758,High
3759,High
3760,High
3761,High
3762,High
3763,High
3764,High
3765,High
3766,High
3767,High
3768,High
3769,High
3770,High
3771,High
3772,High
3773,High
3774,High
3775,High
3776,High
3777,High
3778,High
3779,High
3780,High
3781,High
3782,High
3783,High
3784,High
3785,High
3786,High
3787,High
3788,High
3789,High
3790,High
3791,High
3792,High
3793,High
3794,High
3795,High
3796,High
3797,High
3798,High
3799,High
3800,High
3801,High
3802,High
3803,High
3804,High
3805,High
3806,High
3807,High
3808,High
3809,High
3810,High
3811,High
3812,High
3813,High
3814,High
3815,High
3816,High
3817,High
3818,High
3819,High
3820,High
3821,High
3822,High
3823,High
3824,High
3825,High
3826,High
3827,High
3828,High
3829,High
3830,High
3831,High
3832,High
3833,High
3834,High
3835,High
3836,High
3837,High
3838,High
3839,High
3840,High
3841,High
3842,High
3843,High
3844,High
3845,High
3846,High
3847,High
3848,High
3849,High
3850,High
3851,High
3852,High
3853,High
3854,High
3855,High
3856,High
3857,High
3858,High
3859,High
3860,High
3861,High
3862,High
3863,High
3864,High
3865,High
3866,High
3867,High
3868,High
3869,High
3870,High
3871,High
3872,High
3873,High
3874,High
3875,High
3876,High
3877,High
3878,High
3879,High
3880,High
3881,High
3882,High
3883,High
3884,High
3885,High
3886,High
3887,High
3888,High
3889,High
3890,High
3891,High
3892,High
3893,High
3894,High
3895,High
3896,High
3897,High
3898,High
3899,High
3900,High
3901,High
3902,High
3903,High
3904,High
3905,High
3906,High
3907,High
3908,High
3909,High
3910,High
3911,High
3912,High
3913,High
3914,High
3915,High
3916,High
3917,High
3918,High
3919,High
3920,High
3921,High
3922,High
3923,High
3924,High
3925,High
3926,High
3927,High
3928,High
3929,High
3930,High
3931,High
3932,High
3933,High
3934,High
3935,High
3936,High
3937,High
3938,High
3939,High
3940,High
3941,High
3942,High
3943,High
3944,High
3945,High
3946,High
3947,High
3948,High
3949,High
3950,High
3951,High
3952,High
3953,High
3954,High
3955,High
3956,High
3957,High
3958,High
3959,High
3960,High
3961,High
3962,High
3963,High
3964,High
3965,High
3966,High
3967,High
3968,High
3969,High
3970,High
3971,High
3972,High
3973,High
3974,High
3975,High
3976,High
3977,High
3978,High
3979,High
3980,High
3981,High
3982,High
3983,High
3984,High
3985,High
3986,High
3987,High
3988,High
3989,High
3990,High
3991,High
3992,High
3993,High
3994,High
3995,High
3996,High
3997,High
3998,High
3999,High
4000,High
4001,High
4002,High
4003,High
4004,High
4005,High
4006,High
4007,High
4008,High
4009,High
4010,High
4011,High
4012,High
4013,High
4014,High
4015,High
4016,High
4017,High
4018,High
4019,High
4020,High
4021,High
4022,High
4023,High
4024,High
4025,High
4026,High
4027,High
4028,High
4029,High
4030,High
4031,High
4032,High
4033,High
4034,High
4035,High
4036,High
4037,High
4038,High
4039,High
4040,High
4041,High
4042,High
4043,High
4044,High
4045,High
4046,High
4047,High
4048,High
4049,High
4050,High
4051,High
4052,High
4053,High
4054,High
4055,High
4056,High
4057,High
4058,High
4059,High
4060,High
4061,High
4062,High
4063,High
4064,High
4065,High
4066,High
4067,High
4068,High
4069,High
4070,High
4071,High
4072,High
4073,High
4074,High
4075,High
4076,High
4077,High
4078,High
4079,High
4080,High
4081,High
4082,High
4083,High
4084,High
4085,High
4086,High
4087,High
4088,High
4089,High
4090,High
4091,High
4092,High
4093,High
4094,High
4095,High
4096,High
4097,High
4098,High
4099,High
4100,High
4101,High
4102,High
4103,High
4104,High
4105,High
4106,High
4107,High
4108,High
4109,High
4110,High
4111,High
4112,High
4113,High
4114,High
4115,High
4116,High
4117,High
4118,High
4119,High
4120,High
4121,High
4122,High
4123,High
4124,High
4125,High
4126,High
4127,High
4128,High
4129,High
4130,High
4131,High
4132,High
4133,High
4134,High
4135,High
4136,High
4137,High
4138,High
4139,High
4140,High
4141,High
4142,High
4143,High
4144,High
4145,High
4146,High
4147,High
4148,High
4149,High
4150,High
4151,High
4152,High
4153,High
4154,High
4155,High
4156,High
4157,High
4158,High
4159,High
4160,High
4161,High
4162,High
4163,High
4164,High
4165,High
4166,High
4167,High
4168,High
4169,High
4170,High
4171,High
4172,High
4173,High
4174,High
4175,High
4176,High
4177,High
4178,High
4179,High
4180,High
4181,High
4182,High
4183,High
4184,High
4185,High
4186,High
4187,High
4188,High
4189,High
4190,High
4191,High
4192,High
4193,High
4194,High
4195,High
4196,High
4197,High
4198,High
4199,High
4200,High
4201,High
4202,High
4203,High
4204,High
4205,High
4206,High
4207,High
4208,High
4209,High
4210,High
4211,High
4212,High
4213,High
4214,High
4215,High
4216,High
4217,High
4218,High
4219,High
4220,High
4221,High
4222,High
4223,High
4224,High
4225,High
4226,High
4227,High
4228,High
4229,High
4230,High
4231,High
4232,High
4233,High
4234,High
4235,High
4236,High
4237,High
4238,High
4239,High
4240,High
4241,High
4242,High
4243,High
4244,High
4245,High
4246,High
4247,High
4248,High
4249,High
4250,High
4251,High
4252,High
4253,High
4254,High
4255,High
4256,High
4257,High
4258,High
4259,High
4260,High
4261,High
4262,High
4263,High
4264,High
4265,High
4266,High
4267,High
4268,High
4269,High
4270,High
4271,High
4272,High
4273,High
4274,High
4275,High
4276,High
4277,High
4278,High
4279,High
4280,High
4281,High
4282,High
4283,High
4284,High
4285,High
4286,High
4287,High
4288,High
4289,High
4290,High
4291,High
4292,High
4293,High
4294,High
4295,High
4296,High
4297,High
4298,High
4299,High
4300,High
4301,High
4302,High
4303,High
4304,High
4305,High
4306,High
4307,High
4308,High
4309,High
4310,High
4311,High
4312,High
4313,High
4314,High
4315,High
4316,High
4317,High
4318,High
4319,High
4320,High
4321,High
4322,High
4323,High
4324,High
4325,High
4326,High
4327,High
4328,High
4329,High
4330,High
4331,High
4332,High
4333,High
4334,High
4335,High
4336,High
4337,High
4338,High
4339,High
4340,High
4341,High
4342,High
4343,High
4344,High
4345,High
4346,High
4347,High
4348,High
4349,High
4350,High
4351,High
4352,High
4353,High
4354,High
4355,High
4356,High
4357,High
4358,High
4359,High
4360,High
4361,High
4362,High
4363,High
4364,High
4365,High
4366,High
4367,High
4368,High
4369,High
4370,High
4371,High
4372,High
4373,High
4374,High
4375,High
4376,High
4377,High
4378,High
4379,High
4380,High
4381,High
4382,High
4383,High
4384,High
4385,High
4386,High
4387,High
4388,High
4389,High
4390,High
4391,High
4392,High
4393,High
4394,High
4395,High
4396,High
4397,High
4398,High
4399,High
4400,High
4401,High
4402,High
4403,High
4404,High
4405,High
4406,High
4407,High
4408,High
4409,High
4410,High
4411,High
4412,High
4413,High
4414,High
4415,High
4416,High
4417,High
4418,High
4419,High
4420,High
4421,High
4422,High
4423,High
4424,High
4425,High
4426,High
4427,High
4428,High
4429,High
4430,High
4431,High
4432,High
4433,High
4434,High
4435,High
4436,High
4437,High
4438,High
4439,High
4440,High
4441,High
4442,High
4443,High
4444,High
4445,High
4446,High
4447,High
4448,High
4449,High
4450,High
4451,High
4452,High
4453,High
4454,High
4455,High
4456,High
4457,High
4458,High
4459,High
4460,High
4461,High
4462,High
4463,High
4464,High
4465,High
4466,High
4467,High
4468,High
4469,High
4470,High
4471,High
4472,High
4473,High
4474,High
4475,High
4476,High
4477,High
4478,High
4479,High
4480,High
4481,High
4482,High
4483,High
4484,High
4485,High
4486,High
4487,High
4488,High
4489,High
4490,High
4491,High
4492,High
4493,High
4494,High
4495,High
4496,High
4497,High
4498,High
4499,High
4500,High
4501,High
4502,High
4503,High
4504,High
4505,High
4506,High
4507,High
4508,High
4509,High
4510,High
4511,High
4512,High
4513,High
4514,High
4515,High
4516,High
4517,High
4518,High
4519,High
4520,High
4521,High
4522,High
4523,High
4524,High
4525,High
4526,High
4527,High
4528,High
4529,High
4530,High
4531,High
4532,High
4533,High
4534,High
4535,High
4536,High
4537,High
4538,High
4539,High
4540,High
4541,High
4542,High
4543,High
4544,High
4545,High
4546,High
4547,High
4548,High
4549,High
4550,High
4551,High
4552,High
4553,High
4554,High
4555,High
4556,High
4557,High
4558,High
4559,High
4560,High
4561,High
4562,High
4563,High
4564,High
4565,High
4566,High
4567,High
4568,High
4569,High
4570,High
4571,High
4572,High
4573,High
4574,High
4575,High
4576,High
4577,High
4578,High
4579,High
4580,High
4581,High
4582,High
4583,High
4584,High
4585,High
4586,High
4587,High
4588,High
4589,High
4590,High
4591,High
4592,High
4593,High
4594,High
4595,High
4596,High
4597,High
4598,High
4599,High
4600,High
4601,High
4602,High
4603,High
4604,High
4605,High
4606,High
4607,High
4608,High
4609,High
4610,High
4611,High
4612,High
4613,High
4614,High
4615,High
4616,High
4617,High
4618,High
4619,High
4620,High
4621,High
4622,High
4623,High
4624,High
4625,High
4626,High
4627,High
4628,High
4629,High
4630,High
4631,High
4632,High
4633,High
4634,High
4635,High
4636,High
4637,High
4638,High
4639,High
4640,High
4641,High
4642,High
4643,High
4644,High
4645,High
4646,High
4647,High
4648,High
4649,High
4650,High
4651,High
4652,High
4653,High
4654,High
4655,High
4656,High
4657,High
4658,High
4659,High
4660,High
4661,High
4662,High
4663,High
4664,High
4665,High
4666,High
4667,High
4668,High
4669,High
4670,High
4671,High
4672,High
4673,High
4674,High
4675,High
4676,High
4677,High
4678,High
4679,High
4680,High
4681,High
4682,High
4683,High
4684,High
4685,High
4686,High
4687,High
4688,High
4689,High
4690,High
4691,High
4692,High
4693,High
4694,High
4695,High
4696,High
4697,High
4698,High
4699,High
4700,High
4701,High
4702,High
4703,High
4704,High
4705,High
4706,High
4707,High
4708,High
4709,High
4710,High
4711,High
4712,High
4713,High
4714,High
4715,High
4716,High
4717,High
4718,High
4719,High
4720,High
4721,High
4722,High
4723,High
4724,High
4725,High
4726,High
4727,High
4728,High
4729,High
4730,High
4731,High
4732,High
4733,High
4734,High
4735,High
4736,High
4737,High
4738,High
4739,High
4740,High
4741,High
4742,High
4743,High
4744,High
4745,High
4746,High
4747,High
4748,High
4749,High
4750,High
4751,High
4752,High
4753,High
4754,High
4755,High
4756,High
4757,High
4758,High
4759,High
4760,High
4761,High
4762,High
4763,High
4764,High
4765,High
4766,High
4767,High
4768,High
4769,High
4770,High
4771,High
4772,High
4773,High
4774,High
4775,High
4776,High
4777,High
4778,High
4779,High
4780,High
4781,High
4782,High
4783,High
4784,High
4785,High
4786,High
4787,High
4788,High
4789,High
4790,High
4791,High
4792,High
4793,High
4794,High
4795,High
4796,High
4797,High
4798,High
4799,High
4800,High
4801,High
4802,High
4803,High
4804,High
4805,High
4806,High
4807,High
4808,High
4809,High
4810,High
4811,High
4812,High
4813,High
4814,High
4815,High
4816,High
4817,High
4818,High
4819,High
4820,High
4821,High
4822,High
4823,High
4824,High
4825,High
4826,High
4827,High
4828,High
4829,High
4830,High
4831,High
4832,High
4833,High
4834,High
4835,High
4836,High
4837,High
4838,High
4839,High
4840,High
4841,High
4842,High
4843,High
4844,High
4845,High
4846,High
4847,High
4848,High
4849,High
4850,High
4851,High
4852,High
4853,High
4854,High
4855,High
4856,High
4857,High
4858,High
4859,High
4860,High
4861,High
4862,High
4863,High
4864,High
4865,High
4866,High
4867,High
4868,High
4869,High
4870,High
4871,High
4872,High
4873,High
4874,High
4875,High
4876,High
4877,High
4878,High
4879,High
4880,High
4881,High
4882,High
4883,High
4884,High
4885,High
4886,High
4887,High
4888,High
4889,High
4890,High
4891,High
4892,High
4893,High
4894,High
4895,High
4896,High
4897,High
4898,High
4899,High
4900,High
4901,High
4902,High
4903,High
4904,High
4905,High
4906,High
4907,High
4908,High
4909,High
4910,High
4911,High
4912,High
4913,High
4914,High
4915,High
4916,High
4917,High
4918,High
4919,High
4920,High
4921,High
4922,High
4923,High
4924,High
4925,High
4926,High
4927,High
4928,High
4929,High
4930,High
4931,High
4932,High
4933,High
4934,High
4935,High
4936,High
4937,High
4938,High
4939,High
4940,High
4941,High
4942,High
4943,High
4944,High
4945,High
4946,High
4947,High
4948,High
4949,High
4950,High
4951,High
4952,High
4953,High
4954,High
4955,High
4956,High
4957,High
4958,High
4959,High
4960,High
4961,High
4962,High
4963,High
4964,High
4965,High
4966,High
4967,High
4968,High
4969,High
4970,High
4971,High
4972,High
4973,High
4974,High
4975,High
4976,High
4977,High
4978,High
4979,High
4980,High
4981,High
4982,High
4983,High
4984,High
4985,High
4986,High
4987,High
4988,High
4989,High
4990,High
4991,High
4992,High
4993,High
4994,High
4995,High
4996,High
4997,High
4998,High
4999,High
5000,High
5001,High
5002,High
5003,High
5004,High
5005,High
5006,High
5007,High
5008,High
5009,High
5010,High
5011,High
5012,High
5013,High
5014,High
5015,High
5016,High
5017,High
5018,High
5019,High
5020,High
5021,High
5022,High
5023,High
5024,High
5025,High
5026,High
5027,High
5028,High
5029,High
5030,High
5031,High
5032,High
5033,High
5034,High
5035,High
5036,High
5037,High
5038,High
5039,High
5040,High
5041,High
5042,High
5043,High
5044,High
5045,High
5046,High
5047,High
5048,High
5049,High
5050,High
5051,High
5052,High
5053,High
5054,High
5055,High
5056,High
5057,High
5058,High
5059,High
5060,High
5061,High
5062,High
5063,High
5064,High
5065,High
5066,High
5067,High
5068,High
5069,High
5070,High
5071,High
5072,High
5073,High
5074,High
5075,High
5076,High
5077,High
5078,High
5079,High
5080,High
5081,High
5082,High
5083,High
5084,High
5085,High
5086,High
5087,High
5088,High
5089,High
5090,High
5091,High
5092,High
5093,High
5094,High
5095,High
5096,High
5097,High
5098,High
5099,High
5100,High
5101,High
5102,High
5103,High
5104,High
5105,High
5106,High
5107,High
5108,High
5109,High
5110,High
5111,High
5112,High
5113,High
5114,High
5115,High
5116,High
5117,High
5118,High
5119,High
5120,High
5121,High
5122,High
5123,High
5124,High
5125,High
5126,High
5127,High
5128,High
5129,High
5130,High
5131,High
5132,High
5133,High
5134,High
5135,High
5136,High
5137,High
5138,High
5139,High
5140,High
5141,High
5142,High
5143,High
5144,High
5145,High
5146,High
5147,High
5148,High
5149,High
5150,High
5151,High
5152,High
5153,High
5154,High
5155,High
5156,High
5157,High
5158,High
5159,High
5160,High
5161,High
5162,High
5163,High
5164,High
5165,High
5166,High
5167,High
5168,High
5169,High
5170,High
5171,High
5172,High
5173,High
5174,High
5175,High
5176,High
5177,High
5178,High
5179,High
5180,High
5181,High
5182,High
5183,High
5184,High
5185,High
5186,High
5187,High
5188,High
5189,High
5190,High
5191,High
5192,High
5193,High
5194,High
5195,High
5196,High
5197,High
5198,High
5199,High
5200,High
5201,High
5202,High
5203,High
5204,High
5205,High
5206,High
5207,High
5208,High
5209,High
5210,High
5211,High
5212,High
5213,High
5214,High
5215,High
5216,High
5217,High
5218,High
5219,High
5220,High
5221,High
5222,High
5223,High
5224,High
5225,High
5226,High
5227,High
5228,High
5229,High
5230,High
5231,High
5232,High
5233,High
5234,High
5235,High
5236,High
5237,High
5238,High
5239,High
5240,High
5241,High
5242,High
5243,High
5244,High
5245,High
5246,High
5247,High
5248,High
5249,High
5250,High
5251,High
5252,High
5253,High
5254,High
5255,High
5256,High
5257,High
5258,High
5259,High
5260,High
5261,High
5262,High
5263,High
5264,High
5265,High
5266,High
5267,High
5268,High
5269,High
5270,High
5271,High
5272,High
5273,High
5274,High
5275,High
5276,High
5277,High
5278,High
5279,High
5280,High
5281,High
5282,High
5283,High
5284,High
5285,High
5286,High
5287,High
5288,High
5289,High
5290,High
5291,High
5292,High
5293,High
5294,High
5295,High
5296,High
5297,High
5298,High
5299,High
5300,High
5301,High
5302,High
5303,High
5304,High
5305,High
5306,High
5307,High
5308,High
5309,High
5310,High
5311,High
5312,High
5313,High
5314,High
5315,High
5316,High
5317,High
5318,High
5319,High
5320,High
5321,High
5322,High
5323,High
5324,High
5325,High
5326,High
5327,High
5328,High
5329,High
5330,High
5331,High
5332,High
5333,High
5334,High
5335,High
5336,High
5337,High
5338,High
5339,High
5340,High
5341,High
5342,High
5343,High
5344,High
5345,High
5346,High
5347,High
5348,High
5349,High
5350,High
5351,High
5352,High
5353,High
5354,High
5355,High
5356,High
5357,High
5358,High
5359,High
5360,High
5361,High
5362,High
5363,High
5364,High
5365,High
5366,High
5367,High
5368,High
5369,High
5370,High
5371,High
5372,High
5373,High
5374,High
5375,High
5376,High
5377,High
5378,High
5379,High
5380,High
5381,High
5382,High
5383,High
5384,High
5385,High
5386,High
5387,High
5388,High
5389,High
5390,High
5391,High
5392,High
5393,High
5394,High
5395,High
5396,High
5397,High
5398,High
5399,High
5400,High
5401,High
5402,High
5403,High
5404,High
5405,High
5406,High
5407,High
5408,High
5409,High
5410,High
5411,High
5412,High
5413,High
5414,High
5415,High
5416,High
5417,High
5418,High
5419,High
5420,High
5421,High
5422,High
5423,High
5424,High
5425,High
5426,High
5427,High
5428,High
5429,High
5430,High
5431,High
5432,High
5433,High
5434,High
5435,High
5436,High
5437,High
5438,High
5439,High
5440,High
5441,High
5442,High
5443,High
5444,High
5445,High
5446,High
5447,High
5448,High
5449,High
5450,High
5451,High
5452,High
5453,High
5454,High
5455,High
5456,High
5457,High
5458,High
5459,High
5460,High
5461,High
5462,High
5463,High
5464,High
5465,High
5466,High
5467,High
5468,High
5469,High
5470,High
5471,High
5472,High
5473,High
5474,High
5475,High
5476,High
5477,High
5478,High
5479,High
5480,High
5481,High
5482,High
5483,High
5484,High
5485,High
5486,High
5487,High
5488,High
5489,High
5490,High
5491,High
5492,High
5493,High
5494,High
5495,High
5496,High
5497,High
5498,High
5499,High
5500,High
5501,High
5502,High
5503,High
5504,High
5505,High
5506,High
5507,High
5508,High
5509,High
5510,High
5511,High
5512,High
5513,High
5514,High
5515,High
5516,High
5517,High
5518,High
5519,High
5520,High
5521,High
5522,High
5523,High
5524,High
5525,High
5526,High
5527,High
5528,High
5529,High
5530,High
5531,High
5532,High
5533,High
5534,High
5535,High
5536,High
5537,High
5538,High
5539,High
5540,High
5541,High
5542,High
5543,High
5544,High
5545,High
5546,High
5547,High
5548,High
5549,High
5550,High
5551,High
5552,High
5553,High
5554,High
5555,High
5556,High
5557,High
5558,High
5559,High
5560,High
5561,High
5562,High
5563,High
5564,High
5565,High
5566,High
5567,High
5568,High
5569,High
5570,High
5571,High
5572,High
5573,High
5574,High
5575,High
5576,High
5577,High
5578,High
5579,High
5580,High
5581,High
5582,High
5583,High
5584,High
5585,High
5586,High
5587,High
5588,High
5589,High
5590,High
5591,High
5592,High
5593,High
5594,High
5595,High
5596,High
5597,High
5598,High
5599,High
5600,High
5601,High
5602,High
5603,High
5604,High
5605,High
5606,High
5607,High
5608,High
5609,High
5610,High
5611,High
5612,High
5613,High
5614,High
5615,High
5616,High
5617,High
5618,High
5619,High
5620,High
5621,High
5622,High
5623,High
5624,High
5625,High
5626,High
5627,High
5628,High
5629,High
5630,High
5631,High
5632,High
5633,High
5634,High
5635,High
5636,High
5637,High
5638,High
5639,High
5640,High
5641,High
5642,High
5643,High
5644,High
5645,High
5646,High
5647,High
5648,High
5649,High
5650,High
5651,High
5652,High
5653,High
5654,High
5655,High
5656,High
5657,High
5658,High
5659,High
5660,High
5661,High
5662,High
5663,High
5664,High
5665,High
5666,High
5667,High
5668,High
5669,High
5670,High
5671,High
5672,High
5673,High
5674,High
5675,High
5676,High
5677,High
5678,High
5679,High
5680,High
5681,High
5682,High
5683,High
5684,High
5685,High
5686,High
5687,High
5688,High
5689,High
5690,High
5691,High
5692,High
5693,High
5694,High
5695,High
5696,High
5697,High
5698,High
5699,High
5700,High
5701,High
5702,High
5703,High
5704,High
5705,High
5706,High
5707,High
5708,High
5709,High
5710,High
5711,High
5712,High
5713,High
5714,High
5715,High
5716,High
5717,High
5718,High
5719,High
5720,High
5721,High
5722,High
5723,High
5724,High
5725,High
5726,High
5727,High
5728,High
5729,High
5730,High
5731,High
5732,High
5733,High
5734,High
5735,High
5736,High
5737,High
5738,High
5739,High
5740,High
5741,High
5742,High
5743,High
5744,High
5745,High
5746,High
5747,High
5748,High
5749,High
5750,High
5751,High
5752,High
5753,High
5754,High
5755,High
5756,High
5757,High
5758,High
5759,High
5760,High
5761,High
5762,High
5763,High
5764,High
5765,High
5766,High
5767,High
5768,High
5769,High
5770,High
5771,High
5772,High
5773,High
5774,High
5775,High
5776,High
5777,High
5778,High
5779,High
5780,High
5781,High
5782,High
5783,High
5784,High
5785,High
5786,High
5787,High
5788,High
5789,High
5790,High
5791,High
5792,High
5793,High
5794,High
5795,High
5796,High
5797,High
5798,High
5799,High
5800,High
5801,High
5802,High
5803,High
5804,High
5805,High
5806,High
5807,High
5808,High
5809,High
5810,High
5811,High
5812,High
5813,High
5814,High
5815,High
5816,High
5817,High
5818,High
5819,High
5820,High
5821,High
5822,High
5823,High
5824,High
5825,High
5826,High
5827,High
5828,High
5829,High
5830,High
5831,High
5832,High
5833,High
5834,High
5835,High
5836,High
5837,High
5838,High
5839,High
5840,High
5841,High
5842,High
5843,High
5844,High
5845,High
5846,High
5847,High
5848,High
5849,High
5850,High
5851,High
5852,High
5853,High
5854,High
5855,High
5856,High
5857,High
5858,High
5859,High
5860,High
5861,High
5862,High
5863,High
5864,High
5865,High
5866,High
5867,High
5868,High
5869,High
5870,High
5871,High
5872,High
5873,High
5874,High
5875,High
5876,High
5877,High
5878,High
5879,High
5880,High
5881,High
5882,High
5883,High
5884,High
5885,High
5886,High
5887,High
5888,High
5889,High
5890,High
5891,High
5892,High
5893,High
5894,High
5895,High
5896,High
5897,High
5898,High
5899,High
5900,High
5901,High
5902,High
5903,High
5904,High
5905,High
5906,High
5907,High
5908,High
5909,High
5910,High
5911,High
5912,High
5913,High
5914,High
5915,High
5916,High
5917,High
5918,High
5919,High
5920,High
5921,High
5922,High
5923,High
5924,High
5925,High
5926,High
5927,High
5928,High
5929,High
5930,High
5931,High
5932,High
5933,High
5934,High
5935,High
5936,High
5937,High
5938,High
5939,High
5940,High
5941,High
5942,High
5943,High
5944,High
5945,High
5946,High
5947,High
5948,High
5949,High
5950,High
5951,High
5952,High
5953,High
5954,High
5955,High
5956,High
5957,High
5958,High
5959,High
5960,High
5961,High
5962,High
5963,High
5964,High
5965,High
5966,High
5967,High
5968,High
5969,High
5970,High
5971,High
5972,High
5973,High
5974,High
5975,High
5976,High
5977,High
5978,High
5979,High
5980,High
5981,High
5982,High
5983,High
5984,High
5985,High
5986,High
5987,High
5988,High
5989,High
5990,High
5991,High
5992,High
5993,High
5994,High
5995,High
5996,High
5997,High
5998,High
5999,High
6000,High
6001,High
6002,High
6003,High
6004,High
6005,High
6006,High
6007,High
6008,High
6009,High
6010,High
6011,High
6012,High
6013,High
6014,High
6015,High
6016,High
6017,High
6018,High
6019,High
6020,High
6021,High
6022,High
6023,High
6024,High
6025,High
6026,High
6027,High
6028,High
6029,High
6030,High
6031,High
6032,High
6033,High
6034,High
6035,High
6036,High
6037,High
6038,High
6039,High
6040,High
6041,High
6042,High
6043,High
6044,High
6045,High
6046,High
6047,High
6048,High
6049,High
6050,High
6051,High
6052,High
6053,High
6054,High
6055,High
6056,High
6057,High
6058,High
6059,High
6060,High
6061,High
6062,High
6063,High
6064,High
6065,High
6066,High
6067,High
6068,High
6069,High
6070,High
6071,High
6072,High
6073,High
6074,High
6075,High
6076,High
6077,High
6078,High
6079,High
6080,High
6081,High
6082,High
6083,High
6084,High
6085,High
6086,High
6087,High
6088,High
6089,High
6090,High
6091,High
6092,High
6093,High
6094,High
6095,High
6096,High
6097,High
6098,High
6099,High
6100,High
6101,High
6102,High
6103,High
6104,High
6105,High
6106,High
6107,High
6108,High
6109,High
6110,High
6111,High
6112,High
6113,High
6114,High
6115,High
6116,High
6117,High
6118,High
6119,High
6120,High
6121,High
6122,High
6123,High
6124,High
6125,High
6126,High
6127,High
6128,High
6129,High
6130,High
6131,High
6132,High
6133,High
6134,High
6135,High
6136,High
6137,High
6138,High
6139,High
6140,High
6141,High
6142,High
6143,High
6144,High
6145,High
6146,High
6147,High
6148,High
6149,High
6150,High
6151,High
6152,High
6153,High
6154,High
6155,High
6156,High
6157,High
6158,High
6159,High
6160,High
6161,High
6162,High
6163,High
6164,High
6165,High
6166,High
6167,High
6168,High
6169,High
6170,High
6171,High
6172,High
6173,High
6174,High
6175,High
6176,High
6177,High
6178,High
6179,High
6180,High
6181,High
6182,High
6183,High
6184,High
6185,High
6186,High
6187,High
6188,High
6189,High
6190,High
6191,High
6192,High
6193,High
6194,High
6195,High
6196,High
6197,High
6198,High
6199,High
6200,High
6201,High
6202,High
6203,High
6204,High
6205,High
6206,High
6207,High
6208,High
6209,High
6210,High
6211,High
6212,High
6213,High
6214,High
6215,High
6216,High
6217,High
6218,High
6219,High
6220,High
6221,High
6222,High
6223,High
6224,High
6225,High
6226,High
6227,High
6228,High
6229,High
6230,High
6231,High
6232,High
6233,High
6234,High
6235,High
6236,High
6237,High
6238,High
6239,High
6240,High
6241,High
6242,High
6243,High
6244,High
6245,High
6246,High
6247,High
6248,High
6249,High
6250,High
6251,High
6252,High
6253,High
6254,High
6255,High
6256,High
6257,High
6258,High
6259,High
6260,High
6261,High
6262,High
6263,High
6264,High
6265,High
6266,High
6267,High
6268,High
6269,High
6270,High
6271,High
6272,High
6273,High
6274,High
6275,High
6276,High
6277,High
6278,High
6279,High
6280,High
6281,High
6282,High
6283,High
6284,High
6285,High
6286,High
6287,High
6288,High
6289,High
6290,High
6291,High
6292,High
6293,High
6294,High
6295,High
6296,High
6297,High
6298,High
6299,High
6300,High
6301,High
6302,High
6303,High
6304,High
6305,High
6306,High
6307,High
6308,High
6309,High
6310,High
6311,High
6312,High
6313,High
6314,High
6315,High
6316,High
6317,High
6318,High
6319,High
6320,High
6321,High
6322,High
6323,High
6324,High
6325,High
6326,High
6327,High
6328,High
6329,High
6330,High
6331,High
6332,High
6333,High
6334,High
6335,High
6336,High
6337,High
6338,High
6339,High
6340,High
6341,High
6342,High
6343,High
6344,High
6345,High
6346,High
6347,High
6348,High
6349,High
6350,High
6351,High
6352,High
6353,High
6354,High
6355,High
6356,High
6357,High
6358,High
6359,High
6360,High
6361,High
6362,High
6363,High
6364,High
6365,High
6366,High
6367,High
6368,High
6369,High
6370,High
6371,High
6372,High
6373,High
6374,High
6375,High
6376,High
6377,High
6378,High
6379,High
6380,High
6381,High
6382,High
6383,High
6384,High
6385,High
6386,High
6387,High
6388,High
6389,High
6390,High
6391,High
6392,High
6393,High
6394,High
6395,High
6396,High
6397,High
6398,High
6399,High
6400,High
6401,High
6402,High
6403,High
6404,High
6405,High
6406,High
6407,High
6408,High
6409,High
6410,High
6411,High
6412,High
6413,High
6414,High
6415,High
6416,High
6417,High
6418,High
6419,High
6420,High
6421,High
6422,High
6423,High
6424,High
6425,High
6426,High
6427,High
6428,High
6429,High
6430,High
6431,High
6432,High
6433,High
6434,High
6435,High
6436,High
6437,High
6438,High
6439,High
6440,High
6441,High
6442,High
6443,High
6444,High
6445,High
6446,High
6447,High
6448,High
6449,High
6450,High
6451,High
6452,High
6453,High
6454,High
6455,High
6456,High
6457,High
6458,High
6459,High
6460,High
6461,High
6462,High
6463,High
6464,High
6465,High
6466,High
6467,High
6468,High
6469,High
6470,High
6471,High
6472,High
6473,High
6474,High
6475,High
6476,High
6477,High
6478,High
6479,High
6480,High
6481,High
6482,High
6483,High
6484,High
6485,High
6486,High
6487,High
6488,High
6489,High
6490,High
6491,High
6492,High
6493,High
6494,High
6495,High
6496,High
6497,High
6498,High
6499,High
6500,High
6501,High
6502,High
6503,High
6504,High
6505,High
6506,High
6507,High
6508,High
6509,High
6510,High
6511,High
6512,High
6513,High
6514,High
6515,High
6516,High
6517,High
6518,High
6519,High
6520,High
6521,High
6522,High
6523,High
6524,High
6525,High
6526,High
6527,High
6528,High
6529,High
6530,High
6531,High
6532,High
6533,High
6534,High
6535,High
6536,High
6537,High
6538,High
6539,High
6540,High
6541,High
6542,High
6543,High
6544,High
6545,High
6546,High
6547,High
6548,High
6549,High
6550,High
6551,High
6552,High
6553,High
6554,High
6555,High
6556,High
6557,High
6558,High
6559,High
6560,High
6561,High
6562,High
6563,High
6564,High
6565,High
6566,High
6567,High
6568,High
6569,High
6570,High
6571,High
6572,High
6573,High
6574,High
6575,High
6576,High
6577,High
6578,High
6579,High
6580,High
6581,High
6582,High
6583,High
6584,High
6585,High
6586,High
6587,High
6588,High
6589,High
6590,High
6591,High
6592,High
6593,High
6594,High
6595,High
6596,High
6597,High
6598,High
6599,High
6600,High
6601,High
6602,High
6603,High
6604,High
6605,High
6606,High
6607,High
6608,High
6609,High
6610,High
6611,High
6612,High
6613,High
6614,High
6615,High
6616,High
6617,High
6618,High
6619,High
6620,High
6621,High
6622,High
6623,High
6624,High
6625,High
6626,High
6627,High
6628,High
6629,High
6630,High
6631,High
6632,High
6633,High
6634,High
6635,High
6636,High
6637,High
6638,High
6639,High
6640,High
6641,High
6642,High
6643,High
6644,High
6645,High
6646,High
6647,High
6648,High
6649,High
6650,High
6651,High
6652,High
6653,High
6654,High
6655,High
6656,High
6657,High
6658,High
6659,High
6660,High
6661,High
6662,High
6663,High
6664,High
6665,High
6666,High
6667,High
6668,High
6669,High
6670,High
6671,High
6672,High
6673,High
6674,High
6675,High
6676,High
6677,High
6678,High
6679,High
6680,High
6681,High
6682,High
6683,High
6684,High
6685,High
6686,High
6687,High
6688,High
6689,High
6690,High
6691,High
6692,High
6693,High
6694,High
6695,High
6696,High
6697,High
6698,High
6699,High
6700,High
6701,High
6702,High
6703,High
6704,High
6705,High
6706,High
6707,High
6708,High
6709,High
6710,High
6711,High
6712,High
6713,High
6714,High
6715,High
6716,High
6717,High
6718,High
6719,High
6720,High
6721,High
6722,High
6723,High
6724,High
6725,High
6726,High
6727,High
6728,High
6729,High
6730,High
6731,High
6732,High
6733,High
6734,High
6735,High
6736,High
6737,High
6738,High
6739,High
6740,High
6741,High
6742,High
6743,High
6744,High
6745,High
6746,High
6747,High
6748,High
6749,High
6750,High
6751,High
6752,High
6753,High
6754,High
6755,High
6756,High
6757,High
6758,High
6759,High
6760,High
6761,High
6762,High
6763,High
6764,High
6765,High
6766,High
6767,High
6768,High
6769,High
6770,High
6771,High
6772,High
6773,High
6774,High
6775,High
6776,High
6777,High
6778,High
6779,High
6780,High
6781,High
6782,High
6783,High
6784,High
6785,High
6786,High
6787,High
6788,High
6789,High
6790,High
6791,High
6792,High
6793,High
6794,High
6795,High
6796,High
6797,High
6798,High
6799,High
6800,High
6801,High
6802,High
6803,High
6804,High
6805,High
6806,High
6807,High
6808,High
6809,High
6810,High
6811,High
6812,High
6813,High
6814,High
6815,High
6816,High
6817,High
6818,High
6819,High
6820,High
6821,High
6822,High
6823,High
6824,High
6825,High
6826,High
6827,High
6828,High
6829,High
6830,High
6831,High
6832,High
6833,High
6834,High
6835,High
6836,High
6837,High
6838,High
6839,High
6840,High
6841,High
6842,High
6843,High
6844,High
6845,High
6846,High
6847,High
6848,High
6849,High
6850,High
6851,High
6852,High
6853,High
6854,High
6855,High
6856,High
6857,High
6858,High
6859,High
6860,High
6861,High
6862,High
6863,High
6864,High
6865,High
6866,High
6867,High
6868,High
6869,High
6870,High
6871,High
6872,High
6873,High
6874,High
6875,High
6876,High
6877,High
6878,High
6879,High
6880,High
6881,High
6882,High
6883,High
6884,High
6885,High
6886,High
6887,High
6888,High
6889,High
6890,High
6891,High
6892,High
6893,High
6894,High
6895,High
6896,High
6897,High
6898,High
6899,High
6900,High
6901,High
6902,High
6903,High
6904,High
6905,High
6906,High
6907,High
6908,High
6909,High
6910,High
6911,High
6912,High
6913,High
6914,High
6915,High
6916,High
6917,High
6918,High
6919,High
6920,High
6921,High
6922,High
6923,High
6924,High
6925,High
6926,High
6927,High
6928,High
6929,High
6930,High
6931,High
6932,High
6933,High
6934,High
6935,High
6936,High
6937,High
6938,High
6939,High
6940,High
6941,High
6942,High
6943,High
6944,High
6945,High
6946,High
6947,High
6948,High
6949,High
6950,High
6951,High
6952,High
6953,High
6954,High
6955,High
6956,High
6957,High
6958,High
6959,High
6960,High
6961,High
6962,High
6963,High
6964,High
6965,High
6966,High
6967,High
6968,High
6969,High
6970,High
6971,High
6972,High
6973,High
6974,High
6975,High
6976,High
6977,High
6978,High
6979,High
6980,High
6981,High
6982,High
6983,High
6984,High
6985,High
6986,High
6987,High
6988,High
6989,High
6990,High
6991,High
6992,High
6993,High
6994,High
6995,High
6996,High
6997,High
6998,High
6999,High
7000,High
7001,High
7002,High
7003,High
7004,High
7005,High
7006,High
7007,High
7008,High
7009,High
7010,High
7011,High
7012,High
7013,High
7014,High
7015,High
7016,High
7017,High
7018,High
7019,High
7020,High
7021,High
7022,High
7023,High
7024,High
7025,High
7026,High
7027,High
7028,High
7029,High
7030,High
7031,High
7032,High
7033,High
7034,High
7035,High
7036,High
7037,High
7038,High
7039,High
7040,High
7041,High
7042,High
7043,High
7044,High
7045,High
7046,High
7047,High
7048,High
7049,High
7050,High
7051,High
7052,High
7053,High
7054,High
7055,High
7056,High
7057,High
7058,High
7059,High
7060,High
7061,High
7062,High
7063,High
7064,High
7065,High
7066,High
7067,High
7068,High
7069,High
7070,High
7071,High
7072,High
7073,High
7074,High
7075,High
7076,High
7077,High
7078,High
7079,High
7080,High
7081,High
7082,High
7083,High
7084,High
7085,High
7086,High
7087,High
7088,High
7089,High
7090,High
7091,High
7092,High
7093,High
7094,High
7095,High
7096,High
7097,High
7098,High
7099,High
7100,High
7101,High
7102,High
7103,High
7104,High
7105,High
7106,High
7107,High
7108,High
7109,High
7110,High
7111,High
7112,High
7113,High
7114,High
7115,High
7116,High
7117,High
7118,High
7119,High
7120,High
7121,High
7122,High
7123,High
7124,High
7125,High
7126,High
7127,High
7128,High
7129,High
7130,High
7131,High
7132,High
7133,High
7134,High
7135,High
7136,High
7137,High
7138,High
7139,High
7140,High
7141,High
7142,High
7143,High
7144,High
7145,High
7146,High
7147,High
7148,High
7149,High
7150,High
7151,High
7152,High
7153,High
7154,High
7155,High
7156,High
7157,High
7158,High
7159,High
7160,High
7161,High
7162,High
7163,High
7164,High
7165,High
7166,High
7167,High
7168,High
7169,High
7170,High
7171,High
7172,High
7173,High
7174,High
7175,High
7176,High
7177,High
7178,High
7179,High
7180,High
7181,High
7182,High
7183,High
7184,High
7185,High
7186,High
7187,High
7188,High
7189,High
7190,High
7191,High
7192,High
7193,High
7194,High
7195,High
7196,High
7197,High
7198,High
7199,High
7200,High
7201,High
7202,High
7203,High
7204,High
7205,High
7206,High
7207,High
7208,High
7209,High
7210,High
7211,High
7212,High
7213,High
7214,High
7215,High
7216,High
7217,High
7218,High
7219,High
7220,High
7221,High
7222,High
7223,High
7224,High
7225,High
7226,High
7227,High
7228,High
7229,High
7230,High
7231,High
7232,High
7233,High
7234,High
7235,High
7236,High
7237,High
7238,High
7239,High
7240,High
7241,High
7242,High
7243,High
7244,High
7245,High
7246,High
7247,High
7248,High
7249,High
7250,High
7251,High
7252,High
7253,High
7254,High
7255,High
7256,High
7257,High
7258,High
7259,High
7260,High
7261,High
7262,High
7263,High
7264,High
7265,High
7266,High
7267,High
7268,High
7269,High
7270,High
7271,High
7272,High
7273,High
7274,High
7275,High
7276,High
7277,High
7278,High
7279,High
7280,High
7281,High
7282,High
7283,High
7284,High
7285,High
7286,High
7287,High
7288,High
7289,High
7290,High
7291,High
7292,High
7293,High
7294,High
7295,High
7296,High
7297,High
7298,High
7299,High
7300,High
7301,High
7302,High
7303,High
7304,High
7305,High
7306,High
7307,High
7308,High
7309,High
7310,High
7311,High
7312,High
7313,High
7314,High
7315,High
7316,High
7317,High
7318,High
7319,High
7320,High
7321,High
7322,High
7323,High
7324,High
7325,High
7326,High
7327,High
7328,High
7329,High
7330,High
7331,High
7332,High
7333,High
7334,High
7335,High
7336,High
7337,High
7338,High
7339,High
7340,High
7341,High
7342,High
7343,High
7344,High
7345,High
7346,High
7347,High
7348,High
7349,High
7350,High
7351,High
7352,High
7353,High
7354,High
7355,High
7356,High
7357,High
7358,High
7359,High
7360,High
7361,High
7362,High
7363,High
7364,High
7365,High
7366,High
7367,High
7368,High
7369,High
7370,High
7371,High
7372,High
7373,High
7374,High
7375,High
7376,High
7377,High
7378,High
7379,High
7380,High
7381,High
7382,High
7383,High
7384,High
7385,High
7386,High
7387,High
7388,High
7389,High
7390,High
7391,High
7392,High
7393,High
7394,High
7395,High
7396,High
7397,High
7398,High
7399,High
7400,High
7401,High
7402,High
7403,High
7404,High
7405,High
7406,High
7407,High
7408,High
7409,High
7410,High
7411,High
7412,High
7413,High
7414,High
7415,High
7416,High
7417,High
7418,High
7419,High
7420,High
7421,High
7422,High
7423,High
7424,High
7425,High
7426,High
7427,High
7428,High
7429,High
7430,High
7431,High
7432,High
7433,High
7434,High
7435,High
7436,High
7437,High
7438,High
7439,High
7440,High
7441,High
7442,High
7443,High
7444,High
7445,High
7446,High
7447,High
7448,High
7449,High
7450,High
7451,High
7452,High
7453,High
7454,High
7455,High
7456,High
7457,High
7458,High
7459,High
7460,High
7461,High
7462,High
7463,High
7464,High
7465,High
7466,High
7467,High
7468,High
7469,High
7470,High
7471,High
7472,High
7473,High
7474,High
7475,High
7476,High
7477,High
7478,High
7479,High
7480,High
7481,High
7482,High
7483,High
7484,High
7485,High
7486,High
7487,High
7488,High
7489,High
7490,High
7491,High
7492,High
7493,High
7494,High
7495,High
7496,High
7497,High
7498,High
7499,High
7500,High
7501,High
7502,High
7503,High
7504,High
7505,High
7506,High
7507,High
7508,High
7509,High
7510,High
7511,High
7512,High
7513,High
7514,High
7515,High
7516,High
7517,High
7518,High
7519,High
7520,High
7521,High
7522,High
7523,High
7524,High
7525,High
7526,High
7527,High
7528,High
7529,High
7530,High
7531,High
7532,High
7533,High
7534,High
7535,High
7536,High
7537,High
7538,High
7539,High
7540,High
7541,High
7542,High
7543,High
7544,High
7545,High
7546,High
7547,High
7548,High
7549,High
7550,High
7551,High
7552,High
7553,High
7554,High
7555,High
7556,High
7557,High
7558,High
7559,High
7560,High
7561,High
7562,High
7563,High
7564,High
7565,High
7566,High
7567,High
7568,High
7569,High
7570,High
7571,High
7572,High
7573,High
7574,High
7575,High
7576,High
7577,High
7578,High
7579,High
7580,High
7581,High
7582,High
7583,High
7584,High
7585,High
7586,High
7587,High
7588,High
7589,High
7590,High
7591,High
7592,High
7593,High
7594,High
7595,High
7596,High
7597,High
7598,High
7599,High
7600,High
7601,High
7602,High
7603,High
7604,High
7605,High
7606,High
7607,High
7608,High
7609,High
7610,High
7611,High
7612,High
7613,High
7614,High
7615,High
7616,High
7617,High
7618,High
7619,High
7620,High
7621,High
7622,High
7623,High
7624,High
7625,High
7626,High
7627,High
7628,High
7629,High
7630,High
7631,High
7632,High
7633,High
7634,High
7635,High
7636,High
7637,High
7638,High
7639,High
7640,High
7641,High
7642,High
7643,High
7644,High
7645,High
7646,High
7647,High
7648,High
7649,High
7650,High
7651,High
7652,High
7653,High
7654,High
7655,High
7656,High
7657,High
7658,High
7659,High
7660,High
7661,High
7662,High
7663,High
7664,High
7665,High
7666,High
7667,High
7668,High
7669,High
7670,High
7671,High
7672,High
7673,High
7674,High
7675,High
7676,High
7677,High
7678,High
7679,High
7680,High
7681,High
7682,High
7683,High
7684,High
7685,High
7686,High
7687,High
7688,High
7689,High
7690,High
7691,High
7692,High
7693,High
7694,High
7695,High
7696,High
7697,High
7698,High
7699,High
7700,High
7701,High
7702,High
7703,High
7704,High
7705,High
7706,High
7707,High
7708,High
7709,High
7710,High
7711,High
7712,High
7713,High
7714,High
7715,High
7716,High
7717,High
7718,High
7719,High
7720,High
7721,High
7722,High
7723,High
7724,High
7725,High
7726,High
7727,High
7728,High
7729,High
7730,High
7731,High
7732,High
7733,High
7734,High
7735,High
7736,High
7737,High
7738,High
7739,High
7740,High
7741,High
7742,High
7743,High
7744,High
7745,High
7746,High
7747,High
7748,High
7749,High
7750,High
7751,High
7752,High
7753,High
7754,High
7755,High
7756,High
7757,High
7758,High
7759,High
7760,High
7761,High
7762,High
7763,High
7764,High
7765,High
7766,High
7767,High
7768,High
7769,High
7770,High
7771,High
7772,High
7773,High
7774,High
7775,High
7776,High
7777,High
7778,High
7779,High
7780,High
7781,High
7782,High
7783,High
7784,High
7785,High
7786,High
7787,High
7788,High
7789,High
7790,High
7791,High
7792,High
7793,High
7794,High
7795,High
7796,High
7797,High
7798,High
7799,High
7800,High
7801,High
7802,High
7803,High
7804,High
7805,High
7806,High
7807,High
7808,High
7809,High
7810,High
7811,High
7812,High
7813,High
7814,High
7815,High
7816,High
7817,High
7818,High
7819,High
7820,High
7821,High
7822,High
7823,High
7824,High
7825,High
7826,High
7827,High
7828,High
7829,High
7830,High
7831,High
7832,High
7833,High
7834,High
7835,High
7836,High
7837,High
7838,High
7839,High
7840,High
7841,High
7842,High
7843,High
7844,High
7845,High
7846,High
7847,High
7848,High
7849,High
7850,High
7851,High
7852,High
7853,High
7854,High
7855,High
7856,High
7857,High
7858,High
7859,High
7860,High
7861,High
7862,High
7863,High
7864,High
7865,High
7866,High
7867,High
7868,High
7869,High
7870,High
7871,High
7872,High
7873,High
7874,High
7875,High
7876,High
7877,High
7878,High
7879,High
7880,High
7881,High
7882,High
7883,High
7884,High
7885,High
7886,High
7887,High
7888,High
7889,High
7890,High
7891,High
7892,High
7893,High
7894,High
7895,High
7896,High
7897,High
7898,High
7899,High
7900,High
7901,High
7902,High
7903,High
7904,High
7905,High
7906,High
7907,High
7908,High
7909,High
7910,High
7911,High
7912,High
7913,High
7914,High
7915,High
7916,High
7917,High
7918,High
7919,High
7920,High
7921,High
7922,High
7923,High
7924,High
7925,High
7926,High
7927,High
7928,High
7929,High
7930,High
7931,High
7932,High
7933,High
7934,High
7935,High
7936,High
7937,High
7938,High
7939,High
7940,High
7941,High
7942,High
7943,High
7944,High
7945,High
7946,High
7947,High
7948,High
7949,High
7950,High
7951,High
7952,High
7953,High
7954,High
7955,High
7956,High
7957,High
7958,High
7959,High
7960,High
7961,High
7962,High
7963,High
7964,High
7965,High
7966,High
7967,High
7968,High
7969,High
7970,High
7971,High
7972,High
7973,High
7974,High
7975,High
7976,High
7977,High
7978,High
7979,High
7980,High
7981,High
7982,High
7983,High
7984,High
7985,High
7986,High
7987,High
7988,High
7989,High
7990,High
7991,High
7992,High
7993,High
7994,High
7995,High
7996,High
7997,High
7998,High
7999,High
8000,High
8001,High
8002,High
8003,High
8004,High
8005,High
8006,High
8007,High
8008,High
8009,High
8010,High
8011,High
8012,High
8013,High
8014,High
8015,High
8016,High
8017,High
8018,High
8019,High
8020,High
8021,High
8022,High
8023,High
8024,High
8025,High
8026,High
8027,High
8028,High
8029,High
8030,High
8031,High
8032,High
8033,High
8034,High
8035,High
8036,High
8037,High
8038,High
8039,High
8040,High
8041,High
8042,High
8043,High
8044,High
8045,High
8046,High
8047,High
8048,High
8049,High
8050,High
8051,High
8052,High
8053,High
8054,High
8055,High
8056,High
8057,High
8058,High
8059,High
8060,High
8061,High
8062,High
8063,High
8064,High
8065,High
8066,High
8067,High
8068,High
8069,High
8070,High
8071,High
8072,High
8073,High
8074,High
8075,High
8076,High
8077,High
8078,High
8079,High
8080,High
8081,High
8082,High
8083,High
8084,High
8085,High
8086,High
8087,High
8088,High
8089,High
8090,High
8091,High
8092,High
8093,High
8094,High
8095,High
8096,High
8097,High
8098,High
8099,High
8100,High
8101,High
8102,High
8103,High
8104,High
8105,High
8106,High
8107,High
8108,High
8109,High
8110,High
8111,High
8112,High
8113,High
8114,High
8115,High
8116,High
8117,High
8118,High
8119,High
8120,High
8121,High
8122,High
8123,High
8124,High
8125,High
8126,High
8127,High
8128,High
8129,High
8130,High
8131,High
8132,High
8133,High
8134,High
8135,High
8136,High
8137,High
8138,High
8139,High
8140,High
8141,High
8142,High
8143,High
8144,High
8145,High
8146,High
8147,High
8148,High
8149,High
8150,High
8151,High
8152,High
8153,High
8154,High
8155,High
8156,High
8157,High
8158,High
8159,High
8160,High
8161,High
8162,High
8163,High
8164,High
8165,High
8166,High
8167,High
8168,High
8169,High
8170,High
8171,High
8172,High
8173,High
8174,High
8175,High
8176,High
8177,High
8178,High
8179,High
8180,High
8181,High
8182,High
8183,High
8184,High
8185,High
8186,High
8187,High
8188,High
8189,High
8190,High
8191,High
8192,High
8193,High
8194,High
8195,High
8196,High
8197,High
8198,High
8199,High
8200,High
8201,High
8202,High
8203,High
8204,High
8205,High
8206,High
8207,High
8208,High
8209,High
8210,High
8211,High
8212,High
8213,High
8214,High
8215,High
8216,High
8217,High
8218,High
8219,High
8220,High
8221,High
8222,High
8223,High
8224,High
8225,High
8226,High
8227,High
8228,High
8229,High
8230,High
8231,High
8232,High
8233,High
8234,High
8235,High
8236,High
8237,High
8238,High
8239,High
8240,High
8241,High
8242,High
8243,High
8244,High
8245,High
8246,High
8247,High
8248,High
8249,High
8250,High
8251,High
8252,High
8253,High
8254,High
8255,High
8256,High
8257,High
8258,High
8259,High
8260,High
8261,High
8262,High
8263,High
8264,High
8265,High
8266,High
8267,High
8268,High
8269,High
8270,High
8271,High
8272,High
8273,High
8274,High
8275,High
8276,High
8277,High
8278,High
8279,High
8280,High
8281,High
8282,High
8283,High
8284,High
8285,High
8286,High
8287,High
8288,High
8289,High
8290,High
8291,High
8292,High
8293,High
8294,High
8295,High
8296,High
8297,High
8298,High
8299,High
8300,High
8301,High
8302,High
8303,High
8304,High
8305,High
8306,High
8307,High
8308,High
8309,High
8310,High
8311,High
8312,High
8313,High
8314,High
8315,High
8316,High
8317,High
8318,High
8319,High
8320,High
8321,High
8322,High
8323,High
8324,High
8325,High
8326,High
8327,High
8328,High
8329,High
8330,High
8331,High
8332,High
8333,High
8334,High
8335,High
8336,High
8337,High
8338,High
8339,High
8340,High
8341,High
8342,High
8343,High
8344,High
8345,High
8346,High
8347,High
8348,High
8349,High
8350,High
8351,High
8352,High
8353,High
8354,High
8355,High
8356,High
8357,High
8358,High
8359,High
8360,High
8361,High
8362,High
8363,High
8364,High
8365,High
8366,High
8367,High
8368,High
8369,High
8370,High
8371,High
8372,High
8373,High
8374,High
8375,High
8376,High
8377,High
8378,High
8379,High
8380,High
8381,High
8382,High
8383,High
8384,High
8385,High
8386,High
8387,High
8388,High
8389,High
8390,High
8391,High
8392,High
8393,High
8394,High
8395,High
8396,High
8397,High
8398,High
8399,High
8400,High
8401,High
8402,High
8403,High
8404,High
8405,High
8406,High
8407,High
8408,High
8409,High
8410,High
8411,High
8412,High
8413,High
8414,High
8415,High
8416,High
8417,High
8418,High
8419,High
8420,High
8421,High
8422,High
8423,High
8424,High
8425,High
8426,High
8427,High
8428,High
8429,High
8430,High
8431,High
8432,High
8433,High
8434,High
8435,High
8436,High
8437,High
8438,High
8439,High
8440,High
8441,High
8442,High
8443,High
8444,High
8445,High
8446,High
8447,High
8448,High
8449,High
8450,High
8451,High
8452,High
8453,High
8454,High
8455,High
8456,High
8457,High
8458,High
8459,High
8460,High
8461,High
8462,High
8463,High
8464,High
8465,High
8466,High
8467,High
8468,High
8469,High
8470,High
8471,High
8472,High
8473,High
8474,High
8475,High
8476,High
8477,High
8478,High
8479,High
8480,High
8481,High
8482,High
8483,High
8484,High
8485,High
8486,High
8487,High
8488,High
8489,High
8490,High
8491,High
8492,High
8493,High
8494,High
8495,High
8496,High
8497,High
8498,High
8499,High
8500,High
8501,High
8502,High
8503,High
8504,High
8505,High
8506,High
8507,High
8508,High
8509,High
8510,High
8511,High
8512,High
8513,High
8514,High
8515,High
8516,High
8517,High
8518,High
8519,High
8520,High
8521,High
8522,High
8523,High
8524,High
8525,High
8526,High
8527,High
8528,High
8529,High
8530,High
8531,High
8532,High
8533,High
8534,High
8535,High
8536,High
8537,High
8538,High
8539,High
8540,High
8541,High
8542,High
8543,High
8544,High
8545,High
8546,High
8547,High
8548,High
8549,High
8550,High
8551,High
8552,High
8553,High
8554,High
8555,High
8556,High
8557,High
8558,High
8559,High
8560,High
8561,High
8562,High
8563,High
8564,High
8565,High
8566,High
8567,High
8568,High
8569,High
8570,High
8571,High
8572,High
8573,High
8574,High
8575,High
8576,High
8577,High
8578,High
8579,High
8580,High
8581,High
8582,High
8583,High
8584,High
8585,High
8586,High
8587,High
8588,High
8589,High
8590,High
8591,High
8592,High
8593,High
8594,High
8595,High
8596,High
8597,High
8598,High
8599,High
8600,High
8601,High
8602,High
8603,High
8604,High
8605,High
8606,High
8607,High
8608,High
8609,High
8610,High
8611,High
8612,High
8613,High
8614,High
8615,High
8616,High
8617,High
8618,High
8619,High
8620,High
8621,High
8622,High
8623,High
8624,High
8625,High
8626,High
8627,High
8628,High
8629,High
8630,High
8631,High
8632,High
8633,High
8634,High
8635,High
8636,High
8637,High
8638,High
8639,High
8640,High
8641,High
8642,High
8643,High
8644,High
8645,High
8646,High
8647,High
8648,High
8649,High
8650,High
8651,High
8652,High
8653,High
8654,High
8655,High
8656,High
8657,High
8658,High
8659,High
8660,High
8661,High
8662,High
8663,High
8664,High
8665,High
8666,High
8667,High
8668,High
8669,High
8670,High
8671,High
8672,High
8673,High
8674,High
8675,High
8676,High
8677,High
8678,High
8679,High
8680,High
8681,High
8682,High
8683,High
8684,High
8685,High
8686,High
8687,High
8688,High
8689,High
8690,High
8691,High
8692,High
8693,High
8694,High
8695,High
8696,High
8697,High
8698,High
8699,High
8700,High
8701,High
8702,High
8703,High
8704,High
8705,High
8706,High
8707,High
8708,High
8709,High
8710,High
8711,High
8712,High
8713,High
8714,High
8715,High
8716,High
8717,High
8718,High
8719,High
8720,High
8721,High
8722,High
8723,High
8724,High
8725,High
8726,High
8727,High
8728,High
8729,High
8730,High
8731,High
8732,High
8733,High
8734,High
8735,High
8736,High
8737,High
8738,High
8739,High
8740,High
8741,High
8742,High
8743,High
8744,High
8745,High
8746,High
8747,High
8748,High
8749,High
8750,High
8751,High
8752,High
8753,High
8754,High
8755,High
8756,High
8757,High
8758,High
8759,High
8760,High
8761,High
8762,High
8763,High
8764,High
8765,High
8766,High
8767,High
8768,High
8769,High
8770,High
8771,High
8772,High
8773,High
8774,High
8775,High
8776,High
8777,High
8778,High
8779,High
8780,High
8781,High
8782,High
8783,High
8784,High
8785,High
8786,High
8787,High
8788,High
8789,High
8790,High
8791,High
8792,High
8793,High
8794,High
8795,High
8796,High
8797,High
8798,High
8799,High
8800,High
8801,High
8802,High
8803,High
8804,High
8805,High
8806,High
8807,High
8808,High
8809,High
8810,High
8811,High
8812,High
8813,High
8814,High
8815,High
8816,High
8817,High
8818,High
8819,High
8820,High
8821,High
8822,High
8823,High
8824,High
8825,High
8826,High
8827,High
8828,High
8829,High
8830,High
8831,High
8832,High
8833,High
8834,High
8835,High
8836,High
8837,High
8838,High
8839,High
8840,High
8841,High
8842,High
8843,High
8844,High
8845,High
8846,High
8847,High
8848,High
8849,High
8850,High
8851,High
8852,High
8853,High
8854,High
8855,High
8856,High
8857,High
8858,High
8859,High
8860,High
8861,High
8862,High
8863,High
8864,High
8865,High
8866,High
8867,High
8868,High
8869,High
8870,High
8871,High
8872,High
8873,High
8874,High
8875,High
8876,High
8877,High
8878,High
8879,High
8880,High
8881,High
8882,High
8883,High
8884,High
8885,High
8886,High
8887,High
8888,High
8889,High
8890,High
8891,High
8892,High
8893,High
8894,High
8895,High
8896,High
8897,High
8898,High
8899,High
8900,High
8901,High
8902,High
8903,High
8904,High
8905,High
8906,High
8907,High
8908,High
8909,High
8910,High
8911,High
8912,High
8913,High
8914,High
8915,High
8916,High
8917,High
8918,High
8919,High
8920,High
8921,High
8922,High
8923,High
8924,High
8925,High
8926,High
8927,High
8928,High
8929,High
8930,High
8931,High
8932,High
8933,High
8934,High
8935,High
8936,High
8937,High
8938,High
8939,High
8940,High
8941,High
8942,High
8943,High
8944,High
8945,High
8946,High
8947,High
8948,High
8949,High
8950,High
8951,High
8952,High
8953,High
8954,High
8955,High
8956,High
8957,High
8958,High
8959,High
8960,High
8961,High
8962,High
8963,High
8964,High
8965,High
8966,High
8967,High
8968,High
8969,High
8970,High
8971,High
8972,High
8973,High
8974,High
8975,High
8976,High
8977,High
8978,High
8979,High
8980,High
8981,High
8982,High
8983,High
8984,High
8985,High
8986,High
8987,High
8988,High
8989,High
8990,High
8991,High
8992,High
8993,High
8994,High
8995,High
8996,High
8997,High
8998,High
8999,High
9000,High
9001,High
9002,High
9003,High
9004,High
9005,High
9006,High
9007,High
9008,High
9009,High
9010,High
9011,High
9012,High
9013,High
9014,High
9015,High
9016,High
9017,High
9018,High
9019,High
9020,High
9021,High
9022,High
9023,High
9024,High
9025,High
9026,High
9027,High
9028,High
9029,High
9030,High
9031,High
9032,High
9033,High
9034,High
9035,High
9036,High
9037,High
9038,High
9039,High
9040,High
9041,High
9042,High
9043,High
9044,High
9045,High
9046,High
9047,High
9048,High
9049,High
9050,High
9051,High
9052,High
9053,High
9054,High
9055,High
9056,High
9057,High
9058,High
9059,High
9060,High
9061,High
9062,High
9063,High
9064,High
9065,High
9066,High
9067,High
9068,High
9069,High
9070,High
9071,High
9072,High
9073,High
9074,High
9075,High
9076,High
9077,High
9078,High
9079,High
9080,High
9081,High
9082,High
9083,High
9084,High
9085,High
9086,High
9087,High
9088,High
9089,High
9090,High
9091,High
9092,High
9093,High
9094,High
9095,High
9096,High
9097,High
9098,High
9099,High
9100,High
9101,High
9102,High
9103,High
9104,High
9105,High
9106,High
9107,High
9108,High
9109,High
9110,High
9111,High
9112,High
9113,High
9114,High
9115,High
9116,High
9117,High
9118,High
9119,High
9120,High
9121,High
9122,High
9123,High
9124,High
9125,High
9126,High
9127,High
9128,High
9129,High
9130,High
9131,High
9132,High
9133,High
9134,High
9135,High
9136,High
9137,High
9138,High
9139,High
9140,High
9141,High
9142,High
9143,High
9144,High
9145,High
9146,High
9147,High
9148,High
9149,High
9150,High
9151,High
9152,High
9153,High
9154,High
9155,High
9156,High
9157,High
9158,High
9159,High
9160,High
9161,High
9162,High
9163,High
9164,High
9165,High
9166,High
9167,High
9168,High
9169,High
9170,High
9171,High
9172,High
9173,High
9174,High
9175,High
9176,High
9177,High
9178,High
9179,High
9180,High
9181,High
9182,High
9183,High
9184,High
9185,High
9186,High
9187,High
9188,High
9189,High
9190,High
9191,High
9192,High
9193,High
9194,High
9195,High
9196,High
9197,High
9198,High
9199,High
9200,High
9201,High
9202,High
9203,High
9204,High
9205,High
9206,High
9207,High
9208,High
9209,High
9210,High
9211,High
9212,High
9213,High
9214,High
9215,High
9216,High
9217,High
9218,High
9219,High
9220,High
9221,High
9222,High
9223,High
9224,High
9225,High
9226,High
9227,High
9228,High
9229,High
9230,High
9231,High
9232,High
9233,High
9234,High
9235,High
9236,High
9237,High
9238,High
9239,High
9240,High
9241,High
9242,High
9243,High
9244,High
9245,High
9246,High
9247,High
9248,High
9249,High
9250,High
9251,High
9252,High
9253,High
9254,High
9255,High
9256,High
9257,High
9258,High
9259,High
9260,High
9261,High
9262,High
9263,High
9264,High
9265,High
9266,High
9267,High
9268,High
9269,High
9270,High
9271,High
9272,High
9273,High
9274,High
9275,High
9276,High
9277,High
9278,High
9279,High
9280,High
9281,High
9282,High
9283,High
9284,High
9285,High
9286,High
9287,High
9288,High
9289,High
9290,High
9291,High
9292,High
9293,High
9294,High
9295,High
9296,High
9297,High
9298,High
9299,High
9300,High
9301,High
9302,High
9303,High
9304,High
9305,High
9306,High
9307,High
9308,High
9309,High
9310,High
9311,High
9312,High
9313,High
9314,High
9315,High
9316,High
9317,High
9318,High
9319,High
9320,High
9321,High
9322,High
9323,High
9324,High
9325,High
9326,High
9327,High
9328,High
9329,High
9330,High
9331,High
9332,High
9333,High
9334,High
9335,High
9336,High
9337,High
9338,High
9339,High
9340,High
9341,High
9342,High
9343,High
9344,High
9345,High
9346,High
9347,High
9348,High
9349,High
9350,High
9351,High
9352,High
9353,High
9354,High
9355,High
9356,High
9357,High
9358,High
9359,High
9360,High
9361,High
9362,High
9363,High
9364,High
9365,High
9366,High
9367,High
9368,High
9369,High
9370,High
9371,High
9372,High
9373,High
9374,High
9375,High
9376,High
9377,High
9378,High
9379,High
9380,High
9381,High
9382,High
9383,High
9384,High
9385,High
9386,High
9387,High
9388,High
9389,High
9390,High
9391,High
9392,High
9393,High
9394,High
9395,High
9396,High
9397,High
9398,High
9399,High
9400,High
9401,High
9402,High
9403,High
9404,High
9405,High
9406,High
9407,High
9408,High
9409,High
9410,High
9411,High
9412,High
9413,High
9414,High
9415,High
9416,High
9417,High
9418,High
9419,High
9420,High
9421,High
9422,High
9423,High
9424,High
9425,High
9426,High
9427,High
9428,High
9429,High
9430,High
9431,High
9432,High
9433,High
9434,High
9435,High
9436,High
9437,High
9438,High
9439,High
9440,High
9441,High
9442,High
9443,High
9444,High
9445,High
9446,High
9447,High
9448,High
9449,High
9450,High
9451,High
9452,High
9453,High
9454,High
9455,High
9456,High
9457,High
9458,High
9459,High
9460,High
9461,High
9462,High
9463,High
9464,High
9465,High
9466,High
9467,High
9468,High
9469,High
9470,High
9471,High
9472,High
9473,High
9474,High
9475,High
9476,High
9477,High
9478,High
9479,High
9480,High
9481,High
9482,High
9483,High
9484,High
9485,High
9486,High
9487,High
9488,High
9489,High
9490,High
9491,High
9492,High
9493,High
9494,High
9495,High
9496,High
9497,High
9498,High
9499,High
9500,High
9501,High
9502,High
9503,High
9504,High
9505,High
9506,High
9507,High
9508,High
9509,High
9510,High
9511,High
9512,High
9513,High
9514,High
9515,High
9516,High
9517,High
9518,High
9519,High
9520,High
9521,High
9522,High
9523,High
9524,High
9525,High
9526,High
9527,High
9528,High
9529,High
9530,High
9531,High
9532,High
9533,High
9534,High
9535,High
9536,High
9537,High
9538,High
9539,High
9540,High
9541,High
9542,High
9543,High
9544,High
9545,High
9546,High
9547,High
9548,High
9549,High
9550,High
9551,High
9552,High
9553,High
9554,High
9555,High
9556,High
9557,High
9558,High
9559,High
9560,High
9561,High
9562,High
9563,High
9564,High
9565,High
9566,High
9567,High
9568,High
9569,High
9570,High
9571,High
9572,High
9573,High
9574,High
9575,High
9576,High
9577,High
9578,High
9579,High
9580,High
9581,High
9582,High
9583,High
9584,High
9585,High
9586,High
9587,High
9588,High
9589,High
9590,High
9591,High
9592,High
9593,High
9594,High
9595,High
9596,High
9597,High
9598,High
9599,High
9600,High
9601,High
9602,High
9603,High
9604,High
9605,High
9606,High
9607,High
9608,High
9609,High
9610,High
9611,High
9612,High
9613,High
9614,High
9615,High
9616,High
9617,High
9618,High
9619,High
9620,High
9621,High
9622,High
9623,High
9624,High
9625,High
9626,High
9627,High
9628,High
9629,High
9630,High
9631,High
9632,High
9633,High
9634,High
9635,High
9636,High
9637,High
9638,High
9639,High
9640,High
9641,High
9642,High
9643,High
9644,High
9645,High
9646,High
9647,High
9648,High
9649,High
9650,High
9651,High
9652,High
9653,High
9654,High
9655,High
9656,High
9657,High
9658,High
9659,High
9660,High
9661,High
9662,High
9663,High
9664,High
9665,High
9666,High
9667,High
9668,High
9669,High
9670,High
9671,High
9672,High
9673,High
9674,High
9675,High
9676,High
9677,High
9678,High
9679,High
9680,High
9681,High
9682,High
9683,High
9684,High
9685,High
9686,High
9687,High
9688,High
9689,High
9690,High
9691,High
9692,High
9693,High
9694,High
9695,High
9696,High
9697,High
9698,High
9699,High
9700,High
9701,High
9702,High
9703,High
9704,High
9705,High
9706,High
9707,High
9708,High
9709,High
9710,High
9711,High
9712,High
9713,High
9714,High
9715,High
9716,High
9717,High
9718,High
9719,High
9720,High
9721,High
9722,High
9723,High
9724,High
9725,High
9726,High
9727,High
9728,High
9729,High
9730,High
9731,High
9732,High
9733,High
9734,High
9735,High
9736,High
9737,High
9738,High
9739,High
9740,High
9741,High
9742,High
9743,High
9744,High
9745,High
9746,High
9747,High
9748,High
9749,High
9750,High
9751,High
9752,High
9753,High
9754,High
9755,High
9756,High
9757,High
9758,High
9759,High
9760,High
9761,High
9762,High
9763,High
9764,High
9765,High
9766,High
9767,High
9768,High
9769,High
9770,High
9771,High
9772,High
9773,High
9774,High
9775,High
9776,High
9777,High
9778,High
9779,High
9780,High
9781,High
9782,High
9783,High
9784,High
9785,High
9786,High
9787,High
9788,High
9789,High
9790,High
9791,High
9792,High
9793,High
9794,High
9795,High
9796,High
9797,High
9798,High
9799,High
9800,High
9801,High
9802,High
9803,High
9804,High
9805,High
9806,High
9807,High
9808,High
9809,High
9810,High
9811,High
9812,High
9813,High
9814,High
9815,High
9816,High
9817,High
9818,High
9819,High
9820,High
9821,High
9822,High
9823,High
9824,High
9825,High
9826,High
9827,High
9828,High
9829,High
9830,High
9831,High
9832,High
9833,High
9834,High
9835,High
9836,High
9837,High
9838,High
9839,High
9840,High
9841,High
9842,High
9843,High
9844,High
9845,High
9846,High
9847,High
9848,High
9849,High
9850,High
9851,High
9852,High
9853,High
9854,High
9855,High
9856,High
9857,High
9858,High
9859,High
9860,High
9861,High
9862,High
9863,High
9864,High
9865,High
9866,High
9867,High
9868,High
9869,High
9870,High
9871,High
9872,High
9873,High
9874,High
9875,High
9876,High
9877,High
9878,High
9879,High
9880,High
9881,High
9882,High
9883,High
9884,High
9885,High
9886,High
9887,High
9888,High
9889,High
9890,High
9891,High
9892,High
9893,High
9894,High
9895,High
9896,High
9897,High
9898,High
9899,High
9900,High
9901,High
9902,High
9903,High
9904,High
9905,High
9906,High
9907,High
9908,High
9909,High
9910,High
9911,High
9912,High
9913,High
9914,High
9915,High
9916,High
9917,High
9918,High
9919,High
9920,High
9921,High
9922,High
9923,High
9924,High
9925,High
9926,High
9927,High
9928,High
9929,High
9930,High
9931,High
9932,High
9933,High
9934,High
9935,High
9936,High
9937,High
9938,High
9939,High
9940,High
9941,High
9942,High
9943,High
9944,High
9945,High
9946,High
9947,High
9948,High
9949,High
9950,High
9951,High
9952,High
9953,High
9954,High
9955,High
9956,High
9957,High
9958,High
9959,High
9960,High
9961,High
9962,High
9963,High
9964,High
9965,High
9966,High
9967,High
9968,High
9969,High
9970,High
9971,High
9972,High
9973,High
9974,High
9975,High
9976,High
9977,High
9978,High
9979,High
9980,High
9981,High
9982,High
9983,High
9984,High
9985,High
9986,High
9987,High
9988,High
9989,High
9990,High
9991,High
9992,High
9993,High
9994,High
9995,High
9996,High
9997,High
9998,High
9999,High
10000,High
